,timestamp,latency_edgex-ui_edgex-core-data,latency_edgex-ui_edgex-core-metadata,latency_edgex-core-command_edgex-device-mqtt,latency_edgex-ui_edgex-sys-mgmt-agent,latency_edgex-core-command_edgex-core-metadata,latency_edgex-ui_edgex-core-command,latency_edgex-device-mqtt_edgex-core-metadata,latency_edgex-core-metadata_edgex-device-mqtt,edgex-sys-mgmt-agent,availability_edgex-sys-mgmt-agent,cpu_edgex-sys-mgmt-agent,memory_edgex-sys-mgmt-agent,edgex-core-command,availability_edgex-core-command,cpu_edgex-core-command,memory_edgex-core-command,edgex-core-data,availability_edgex-core-data,cpu_edgex-core-data,memory_edgex-core-data,edgex-redis,availability_edgex-redis,cpu_edgex-redis,memory_edgex-redis,edgex-ui,availability_edgex-ui,cpu_edgex-ui,memory_edgex-ui,edgex-core-metadata,availability_edgex-core-metadata,cpu_edgex-core-metadata,memory_edgex-core-metadata,edgex-device-mqtt,availability_edgex-device-mqtt,cpu_edgex-device-mqtt,memory_edgex-device-mqtt,edgex-mqtt-broker,availability_edgex-mqtt-broker,cpu_edgex-mqtt-broker,memory_edgex-mqtt-broker,edgex-exporter-fledge,availability_edgex-exporter-fledge,cpu_edgex-exporter-fledge,memory_edgex-exporter-fledge,error_edgex-core-metadata,error_edgex-device-mqtt,error_edgex-core-command,error_edgex-core-data,error_edgex-ui
0,2024-01-09 17:46:41,29.58333333333337,11.199999999999974,975.0,24.25,5.0,975.0,4.8,9.5,0,1.0,1.0484421000980022,9.29792,0,1.0,0.5752256441113248,8.753152,0,1.0,3.2709570724841397,11.075584,0,1.0,2.089089447981711,10.842112,0,1.0,5.80974891030754,13.574144,0,1.0,6.55571953600555,13.02528,0,1.0,0.7045848650898261,10.989568,0,1.0,0.16652110625910244,0.815104,0,1.0,0.014273210013374305,8.699904,0.037267080745341616,0.0,0.0,0.0,0.020066889632107024
1,2024-01-09 17:47:41,17.333333333333307,8.902173913043477,975.0,24.25,13.0,975.0,4.8,9.25,0,1.0,2.072745901639215,9.224192,0,1.0,0.6946645063971335,9.105408,0,1.0,3.13431697846805,10.97728,0,1.0,1.9695114773396176,10.973184,0,1.0,6.181046710687093,13.94688,0,1.0,6.759719617823098,11.93984,0,1.0,0.7159850172099562,10.452992,0,1.0,0.1901086369365303,0.802816,0,1.0,0.015882764518500132,8.658944,0.035928143712574856,0.0,0.0,0.0,0.019169329073482424
2,2024-01-09 17:48:41,18.1428571428571,17.749999999999982,975.0,41.25000000000001,8.249999999999998,975.0,9.5,9.25,0,1.0,2.0792810693641464,9.572352,0,1.0,0.3758946194115279,9.35936,0,1.0,3.5936526827333566,10.891264,0,1.0,1.8750808694171843,11.087872,0,1.0,6.085917384092787,13.705216,0,1.0,6.679273795781381,13.139968,0,1.0,0.8666767053154636,10.21952,0,1.0,0.24528602538910482,0.802816,0,1.0,0.029980053768080644,8.658944,0.016854538347837414,0.0,0.0,0.0,0.005633802816901408
3,2024-01-09 17:49:41,14.39285714285711,14.166666666666643,975.0,24.25,9.749999999999995,975.0,4.8,9.25,0,1.0,1.4429517684887394,9.531392,0,1.0,0.3442745158314512,8.941568,0,1.0,3.193777145424575,11.616256,0,1.0,1.7385639686684211,10.657792,0,1.0,6.769115497076072,13.504512,0,1.0,8.060265533722845,12.910592,0,1.0,0.8062757417102953,10.596352,0,1.0,0.2270860366713558,0.831488,0,1.0,0.03104752390456373,8.654848,0.02259887005649718,0.0,0.0,0.0,0.01149425287356322
4,2024-01-09 17:50:41,23.961538461538463,9.707142857142856,975.0,24.25,4.8,975.0,4.8,9.583333333333332,0,1.0,1.414859829157795,9.494528,0,1.0,0.41670222659879125,9.129984,0,1.0,3.3582418249105177,11.50976,0,1.0,1.7588853662606225,10.891264,0,1.0,6.645612352546255,12.877824,0,1.0,7.44643009105592,12.070912,0,1.0,0.7312093542665693,10.428416,0,1.0,0.26879694379700214,0.806912,0,1.0,0.016747624076063315,8.658944,0.015151515151515148,0.0,0.0,0.0,0.005115089514066497
5,2024-01-09 17:51:41,10.187500000000028,16.083333333333336,975.0,24.25,6.999999999999993,975.0,,4.8,0,1.0,1.0595604935239342,9.494528,0,1.0,0.414850690356391,8.704,0,1.0,3.3431361062292706,11.259904,0,1.0,1.887116154873156,10.932224,0,1.0,7.585168709081941,12.464128,0,1.0,7.402961599598355,12.685312,0,1.0,0.9168913060613291,10.539008,0,1.0,0.20165136402661785,0.8192,0,1.0,0.020180092140201774,8.654848,0.014285714285714289,0.0,0.0,0.0,0.005988023952095808
6,2024-01-09 17:52:42,7.718749999999989,17.0625,975.0,24.25,8.249999999999998,975.0,4.8,9.75,0,1.0,0.8866145833332207,9.78944,0,1.0,0.7978485287023253,8.876032,0,1.0,3.3202528141723286,10.817536,0,1.0,2.2388932743921863,10.985472,0,1.0,6.438024453350962,12.824576,0,1.0,8.049774517467457,13.06624,0,1.0,0.8214276358873608,10.571776,0,1.0,0.24153184517718326,0.835584,0,1.0,0.0774922774502487,8.654848,0.04819277108433736,0.0,0.0,0.0,0.025723472668810293
7,2024-01-09 17:53:42,20.875000000000032,9.864864864864863,975.0,41.249999999999986,9.0,975.0,4.8,9.5,0,1.0,2.116198176177471,9.986048,0,1.0,0.3722723033882334,8.896512,0,1.0,3.4336061776061793,11.1616,0,1.0,1.750426032621925,11.014144,0,1.0,6.7977964051158235,13.254656,0,1.0,7.548387096774285,13.324288,0,1.0,0.66841737781226,11.460608,0,1.0,0.2044871242786674,0.811008,0,1.0,0.01477569744491472,8.658944,0.04419889502762431,0.0,0.0,0.0,0.024657534246575342
8,2024-01-09 17:54:42,10.599999999999987,15.333333333333336,975.0,24.25,8.499999999999998,975.0,4.8,22.0,0,1.0,2.5201236725366267,9.66656,0,1.0,0.45066853233832027,9.064448,0,1.0,2.9024411445127787,11.636736,0,1.0,1.7729483986795687,10.633216,0,1.0,6.326614549909506,13.975552,0,1.0,7.1530519869533125,12.693504,0,1.0,0.7594113295286393,10.338304,0,1.0,0.17831557922775554,0.811008,0,1.0,0.01999884832439149,8.658944,0.031446540880503145,0.0,0.0,0.0,0.02134146341463414
9,2024-01-09 17:55:42,11.124999999999998,18.400000000000006,975.0,45.0,9.499999999999996,975.0,4.8,8.499999999999998,0,1.0,0.7959316517493296,9.351168,0,1.0,0.788191263546072,8.871936,0,1.0,3.1001119991854327,11.108352,0,1.0,1.676021974470799,10.6496,0,1.0,5.931578636766079,14.036992,0,1.0,6.90699147571749,12.566528,0,1.0,0.7502490883878619,10.38336,0,1.0,0.2343495774424875,0.802816,0,1.0,0.01405134143978338,8.658944,0.028901734104046242,0.0,0.0,0.0,0.009836065573770491
10,2024-01-09 17:56:42,19.99999999999999,14.821428571428594,975.0,45.0,11.5,975.0,4.8,4.8,0,1.0,1.9724381941956102,9.404416,0,1.0,0.6390418788320468,8.84736,0,1.0,3.217620338486312,11.235328,0,1.0,1.7271355116934874,10.878976,0,1.0,6.91886392258213,13.160448,0,1.0,8.293852689768174,13.529088,0,1.0,0.5518265864823649,10.309632,0,1.0,0.1932635506269965,0.835584,0,1.0,0.019212106258618807,8.658944,0.01875,0.0,0.0,0.0,0.010238907849829353
11,2024-01-09 17:57:42,9.513157894736835,14.416666666666654,975.0,24.25,9.0,975.0,4.8,9.4375,0,1.0,1.2692718519632393,9.785344,0,1.0,0.46672175350100326,9.273344,0,1.0,3.143988209132724,11.476992,0,1.0,1.8286522497752773,10.838016,0,1.0,6.570458067848883,13.828096,0,1.0,8.90119904076735,12.976128,0,1.0,0.7783458561663156,10.285056,0,1.0,0.2389697030497528,0.815104,0,1.0,0.022697003329785602,8.654848,0.025157232704402514,0.0,0.0,0.0,0.011019283746556472
12,2024-01-09 17:58:42,16.562499999999986,9.765624999999996,975.0,24.25,8.699999999999996,975.0,4.8,9.583333333333332,0,1.0,1.473392847116978,9.261056,0,1.0,0.6103317346122998,8.761344,0,1.0,3.140017533606142,10.932224,0,1.0,1.7358183211958151,11.051008,0,1.0,6.673665751753529,13.410304,0,1.0,6.610259080848838,12.242944,0,1.0,0.8321675220173544,10.768384,0,1.0,0.19689085955446453,0.835584,0,1.0,0.012951317358743126,8.658944,0.01764705882352941,0.0,0.0,0.0,0.008356545961002786
13,2024-01-09 17:59:43,13.74999999999998,16.52499999999998,975.0,24.25,13.0,975.0,4.8,9.5,0,1.0,1.987042236328146,9.494528,0,1.0,0.566624413740695,9.203712,0,1.0,3.022481536188993,11.358208,0,1.0,1.7720359314846894,10.821632,0,1.0,6.656044995794612,13.893632,0,1.0,7.183230881089249,13.529088,0,1.0,0.7609957401491092,10.723328,0,1.0,0.24134783811191174,0.811008,0,1.0,0.0306116761877573,8.658944,0.055555555555555566,0.0,0.0,0.0,0.026385224274406333
14,2024-01-09 18:00:43,9.884615384615389,15.83333333333334,975.0,45.0,8.249999999999998,975.0,,4.8,0,1.0,1.1503523210155773,9.469952,0,1.0,0.40875234228615515,9.326592,0,1.0,3.150329992666829,10.989568,0,1.0,1.6081765276431028,10.842112,0,1.0,6.043015521064346,13.303808,0,1.0,7.468011811023496,12.53376,0,1.0,0.7088726566889717,10.50624,0,1.0,0.21359727696158923,0.83968,0,1.0,0.010575818495148452,8.654848,0.013605738237782175,0.0,0.0,0.0,0.005730659025787966
15,2024-01-09 18:01:43,12.250000000000016,17.374999999999993,975.0,24.25,8.166666666666664,975.0,4.8,8.749999999999998,0,1.0,1.339170604789471,9.797632,0,1.0,0.4109327349099445,9.29792,0,1.0,3.4312800855768018,11.292672,0,1.0,2.2277686358400715,10.829824,0,1.0,6.464354209377864,13.123584,0,1.0,8.81369528943645,13.27104,0,1.0,0.8018025639357049,10.6496,0,1.0,0.2670154344182174,0.794624,0,1.0,0.020665901262949603,8.654848,0.024844720496894415,0.0,0.0,0.0,0.012121212121212121
16,2024-01-09 18:02:43,22.44999999999992,9.742424242424239,975.0,24.25,5.5,975.0,4.8,9.583333333333332,0,1.0,0.9418343472158272,9.670656,0,1.0,0.6149652829074518,9.03168,0,1.0,3.4486010784413432,11.116544,0,1.0,1.9933913365419837,10.866688,0,1.0,5.582518656716111,12.890112,0,1.0,6.0312158266227565,12.832768,0,1.0,0.7540297787690614,11.153408,0,1.0,0.18967140400100987,0.815104,0,1.0,0.013901160393365789,8.654848,0.025157232704402514,0.0,0.0,0.0,0.012121212121212121
17,2024-01-09 18:03:43,8.964285714285715,15.083333333333327,975.0,24.25,9.25,975.0,,4.8,0,1.0,1.2394731570513189,9.371648,0,1.0,0.69737117447027,9.035776,0,1.0,3.0378980143343903,10.960896,0,1.0,1.7549048862364809,11.18208,0,1.0,6.857684993084822,13.369344,0,1.0,8.273021637161602,13.29152,0,1.0,0.8326532311792157,10.354688,0,1.0,0.21367513267629817,0.827392,0,1.0,0.011269160820969664,8.654848,0.026737967914438502,0.0,0.0,0.0,0.012690355329949238
18,2024-01-09 18:04:43,11.749999999999964,14.166666666666664,975.0,37.499999999999986,6.0,975.0,9.5,9.375,0,1.0,1.5956379238424392,9.285632,0,1.0,0.48288741519921935,9.248768,0,1.0,3.1373946669745316,11.296768,0,1.0,1.7524594785059484,10.592256,0,1.0,6.69538699322294,13.426688,0,1.0,8.000596392900693,12.546048,0,1.0,0.7560401862288729,10.686464,0,1.0,0.221253214870269,0.811008,0,1.0,0.022731752184414984,8.658944,0.010101010101010102,0.0,0.0,0.0,0.004987531172069825
19,2024-01-09 18:05:43,12.62500000000002,9.978723404255318,975.0,24.25,8.749999999999998,975.0,4.8,8.749999999999998,0,1.0,1.5044649298596815,9.535488,0,1.0,0.38975037487868297,9.191424,0,1.0,3.723377515954862,11.235328,0,1.0,1.8237902581847214,10.788864,0,1.0,5.942578923966369,13.635584,0,1.0,6.829954681109815,12.746752,0,1.0,0.9325958844556165,11.026432,0,1.0,0.1919659735349686,0.843776,0,1.0,0.01208900892439348,8.658944,0.017045454545454548,0.0,0.0,0.0,0.011461318051575933
20,2024-01-09 18:06:44,11.62499999999999,16.93749999999998,975.0,24.25,9.0,975.0,4.8,4.8,0,1.0,1.614837083010228,9.723904,0,1.0,0.32830744071959267,9.207808,0,1.0,3.299708770741594,11.288576,0,1.0,2.07218738695282,10.878976,0,1.0,6.73231643356684,13.524992,0,1.0,6.651444885453546,13.23008,0,1.0,0.530304449648704,11.087872,0,1.0,0.25602995061329636,0.8192,0,1.0,0.030522842350866657,8.654848,0.03592814371257484,0.0,0.0,0.0,0.016997167138810197
21,2024-01-09 18:07:44,9.104166666666666,9.75735294117647,975.0,24.25,8.249999999999998,975.0,4.8,9.25,0,1.0,1.1267152634800701,9.48224,0,1.0,0.5317032711829961,8.753152,0,1.0,3.1338240051762307,11.137024,0,1.0,2.0354280821917827,10.99776,0,1.0,5.519661885246052,13.729792,0,1.0,6.717187863738455,13.262848,0,1.0,0.7510265125764922,10.42432,0,1.0,0.19908108420505183,0.835584,0,1.0,0.012625579598116889,8.654848,0.04137931034482759,0.0,0.0,0.0,0.01764705882352941
22,2024-01-09 18:08:44,10.0,12.249999999999973,975.0,24.25,4.94074074074074,975.0,9.25,9.125,0,1.0,1.2535466107250373,9.617408,0,1.0,0.6588985390833094,8.912896,0,1.0,3.4114293833475244,11.1616,0,1.0,1.8944583661488081,11.112448,0,1.0,6.735208152302922,13.070336,0,1.0,7.8151700022323105,12.61568,0,1.0,0.5876775657729071,10.678272,0,1.0,0.21446936232866431,0.811008,0,1.0,0.015421944398852654,8.654848,0.03921568627450981,0.0,0.0,0.0,0.019656019656019662
23,2024-01-09 18:09:44,13.53571428571427,15.924999999999994,975.0,24.25,7.8333333333333295,975.0,4.8,9.5,0,1.0,1.7002447034579729,10.15808,0,1.0,0.3128558457511509,8.773632,0,1.0,3.3082737937725426,11.317248,0,1.0,1.8381642903434876,10.87488,0,1.0,6.303158066091479,13.402112,0,1.0,7.6159955382040705,12.996608,0,1.0,0.6779762461423455,10.551296,0,1.0,0.20560403033134605,0.827392,0,1.0,2.4922701383240162,10.436608,0.04687499999999999,0.0,0.0,0.0,0.028037383177570093
24,2024-01-09 18:10:44,14.60714285714282,15.931818181818166,975.0,24.25,7.499999999999997,975.0,4.8,9.25,0,1.0,0.7690330773416826,9.551872,0,1.0,0.6907778621939347,8.794112,0,1.0,3.0869327618537574,11.317248,0,1.0,2.0400917845320525,11.063296,0,1.0,6.171558079298803,13.6192,0,1.0,8.674010724224502,12.599296,0,1.0,0.7233100233100136,11.354112,0,1.0,0.2458529958529982,0.79872,0,1.0,2.2429676258994595,11.706368,0.022099447513812154,0.0,0.0,0.0,0.010899182561307902
25,2024-01-09 18:11:44,13.75,13.0,975.0,24.25,8.833333333333332,975.0,8.749999999999998,8.499999999999998,0,1.0,1.2296553524804072,9.699328,0,1.0,0.4550203614152151,8.904704,0,1.0,3.508688783570361,11.333632,0,1.0,2.054661611906747,11.173888,0,1.0,6.471852544254427,13.37344,0,1.0,8.523937761819209,12.894208,0,1.0,0.7488419459962564,10.592256,0,1.0,0.2478982738173873,0.806912,0,1.0,2.258413579239455,9.879552,0.01796407185628742,0.0,0.0,0.0,0.008021390374331552
26,2024-01-09 18:12:44,9.985294117647056,9.570512820512821,975.0,24.25,5.0,975.0,4.8,4.8,0,1.0,1.1358708891596816,9.4208,0,1.0,0.5527961417578816,9.199616,0,1.0,3.165815630481373,11.137024,0,1.0,1.9156796769852238,11.493376,0,1.0,6.310126192674685,13.406208,0,1.0,8.024036149573064,13.623296,0,1.0,0.7077599243856456,10.653696,0,1.0,0.16782980095091923,0.811008,0,1.0,1.9846080684791811,10.735616,0.03658536585365854,0.0,0.0,0.0,0.019867549668874173
27,2024-01-09 18:13:44,20.874999999999975,17.568181818181827,975.0,45.41666666666666,9.25,975.0,4.8,4.8,0,1.0,1.7918115380356041,9.40032,0,1.0,0.5232503446598885,8.859648,0,1.0,3.511307503219002,11.300864,0,1.0,2.3523651571964113,13.574144,0,1.0,6.8688022284121155,13.357056,0,1.0,7.482035963916466,12.234752,0,1.0,0.758654292343385,10.412032,0,1.0,0.20993871297241676,0.831488,0,1.0,1.8305580513125252,10.752,0.03658536585365854,0.0,0.0,0.0,0.01846153846153846
28,2024-01-09 18:14:45,12.249999999999961,18.874999999999993,975.0,24.25,8.166666666666664,975.0,4.8,9.0,0,1.0,1.6290183671674816,9.699328,0,1.0,0.6877484151292835,8.88832,0,1.0,2.9197472064480188,11.1616,0,1.0,2.1898944193061762,10.981376,0,1.0,6.656986412492316,13.766656,0,1.0,7.782772520154244,12.8,0,1.0,0.8031640058055213,10.821632,0,1.0,0.1878546603475877,0.843776,0,1.0,2.771932024832204,10.313728,0.011111111111111112,0.0,0.0,0.0,0.0056179775280898875
29,2024-01-09 18:15:45,11.499999999999908,14.083333333333318,975.0,24.25,9.214285714285712,975.0,4.8,9.0,0,1.0,1.645132823871711,9.449472,0,1.0,0.5568011094418364,9.302016,0,1.0,3.552900904063875,11.231232,0,1.0,1.953484970748448,11.075584,0,1.0,6.307809580013968,13.631488,0,1.0,8.131198490091354,12.570624,0,1.0,1.0455133888987227,11.292672,0,1.0,0.19134339872167058,0.8192,0,1.0,2.0095202210498893,16.064512,0.005681818181818183,0.0,0.0,0.0,0.0027624309392265192
30,2024-01-09 18:17:55,6124.999999999997,202.95454545454535,975.0,24.25,92.5,975.0,96.66666666666666,95.0,0,1.0,1.146459079636181,9.478144,0,1.0,0.23650316211629688,9.207808,1,1.0,1.5060170045780916,13.631488,2,1.0,99.94826373380981,17.719296,0,1.0,3.1660441317555277,14.974976,0,1.0,3.704767228300058,13.692928,0,1.0,0.47224254618621725,10.5472,0,1.0,0.15296161982472203,0.806912,0,1.0,1.331826935421721,11.227136,0.03738317757009346,0.0,0.0,0.03508771929824561,0.030434782608695646
31,2024-01-09 18:20:06,15.812500000000004,14.874999999999993,975.0,42.499999999999986,17.875,975.0,4.8,9.0,0,1.0,1.681598819546903,9.682944,2,1.0,100.51828523079833,14.778368,0,1.0,3.01743544916629,12.136448,0,1.0,2.067102988392215,11.296768,0,1.0,6.446144241631216,14.286848,0,1.0,9.253278280768102,14.299136,3,1.0,0.607417316559458,22.167552,0,1.0,0.253101736972701,0.802816,0,1.0,2.5252905287622878,10.428416,0.041176470588235294,0.0,0.0,0.0,0.020648967551622415
32,2024-01-09 18:22:16,9.961538461538463,13.562499999999991,975.0,24.25,4.8,975.0,4.8,8.499999999999998,0,1.0,1.1239004089831868,9.854976,3,1.0,0.6126995712070639,533.921792,0,1.0,2.919785941567749,12.06272,0,1.0,1.9375224978481547,11.61216,3,1.0,6.648678414096739,466.169856,0,1.0,7.792515096194226,13.5168,0,1.0,0.830731448294173,21.385216,0,1.0,0.19937542514377019,0.827392,0,1.0,1.9950661383043193,10.211328,0.03045722369598795,0.0,0.0,0.0,0.011709601873536299
33,2024-01-09 18:24:27,9.749999999999998,17.431818181818194,975.0,24.25,5.0,975.0,4.8,9.25,0,1.0,1.435420983958981,9.457664,0,1.0,0.2578604088220202,9.109504,0,1.0,3.2363056054257515,11.907072,0,1.0,1.7264128549256956,11.542528,3,1.0,5.687133004925995,477.585408,4,0.5,6.328057639359674,22.831104,0,1.0,0.6519388773708024,10.645504,0,1.0,0.1917777197108506,0.79872,0,1.0,1.9490997999555386,12.5952,0.05232558139534883,0.0,0.0,0.0,0.03257328990228013
34,2024-01-09 18:26:38,14.87499999999998,14.99999999999998,,24.25,8.8125,24.166666666666664,,,0,1.0,1.7266970943687836,9.330688,0,1.0,0.7297697887101909,9.09312,0,1.0,3.1522966890685122,11.804672,0,1.0,1.9785398230087692,11.01824,0,1.0,6.561026626113868,13.750272,0,1.0,8.4309920656052,24.301568,1,0.08333333333333334,0.9334736900435912,18.501632,0,1.0,0.1225734951003738,0.831488,3,1.0,1.9131249024606154,470.822912,0.02870442574404264,,0.9375,0.0,0.04619565217391304
35,2024-01-09 18:28:49,712.5000000000035,237.03389830508476,975.0,24.25,219.99999999999997,975.0,92.5,96.25,0,1.0,1.644889144831594,9.936896,0,1.0,0.5497177503657842,9.347072,0,1.0,2.5586834966506227,11.923456,2,1.0,100.14670611952906,17.416192,0,1.0,5.007755571277093,13.553664,0,1.0,6.389023539668711,12.148736,0,1.0,0.5463744763132455,21.200896,3,1.0,0.23962901831322161,516.079616,0,1.0,1.9513544448682487,11.804672,0.014286040693224273,0.0,0.0,0.0,0.00641025641025641
36,2024-01-09 18:30:59,34.46428571428568,21.250000000000007,975.0,42.499999999999986,7.499999999999997,975.0,4.8,97.5,0,1.0,2.1341658054885047,10.11712,0,1.0,0.4729949874686336,9.445376,0,1.0,2.30773269380357,11.93984,0,1.0,1.4633897074081765,11.251712,0,1.0,4.917841373671258,13.78304,0,1.0,5.536206513282208,10.81344,2,1.0,99.57555118110234,15.245312,3,1.0,0.2507616195807863,521.293824,0,1.0,2.0428846338883186,18.481152,0.015037503497618614,0.0,0.0,0.0,0.006349206349206349
37,2024-01-09 18:33:10,16.321428571428577,12.785714285714267,975.0,24.25,13.0,975.0,8.499999999999998,9.416666666666666,0,1.0,0.9532650972362599,9.928704,0,1.0,0.47495861287809793,9.351168,0,1.0,3.150910780669121,11.91936,0,1.0,1.7906050955413297,11.333632,3,1.0,5.490210081532839,463.364096,0,1.0,6.62475018693495,11.153408,0,1.0,0.8671220779220887,10.678272,0,1.0,0.23392901007116973,1.191936,4,0.4166666666666667,2.0780714985222373,22.335488,0.025906735751295335,0.0,0.0,0.0,0.01497005988023952
38,2024-01-09 18:35:21,246.24999999999974,16.974999999999984,975.0,46.875,19.900000000000002,975.0,4.8,9.666666666666666,0,1.0,1.2430540406543928,10.108928,3,1.0,0.5073890622879633,17.461248,2,1.0,100.09766586867286,17.108992,0,1.0,1.4921170532524013,11.628544,0,1.0,4.856017343485521,13.922304,0,1.0,5.5823636226072235,11.026432,0,1.0,0.5270324597974972,11.03872,0,1.0,0.17842449111818368,1.073152,0,1.0,2.1427868348200563,21.66784,0.015544041450777202,0.0,0.0,0.0,0.008152173913043478
39,2024-01-09 18:37:31,9.98333333333333,10.900000000000034,975.0,47.5,6.999999999999993,975.0,4.8,4.8,0,1.0,1.1835034347399271,9.97376,3,1.0,0.7408735862025874,493.846528,0,1.0,3.3790461091294666,11.526144,0,1.0,1.9287927904563846,10.89536,0,1.0,6.269335106382903,13.623296,0,1.0,7.946260491140787,10.747904,4,0.4166666666666667,1.1123031837214348,21.528576,0,1.0,0.21753476053854534,1.073152,0,1.0,1.815579971181559,10.522624,0.017142857142857144,0.04,0.0,0.0,0.008450704225352114
40,2024-01-09 18:39:42,21.11764705882353,227.65625,975.0,24.25,209.99999999999997,975.0,24.25,92.5,0,1.0,1.4100254552576055,9.240576,0,1.0,0.3272478540772534,8.43776,0,1.0,0.4832979544575995,15.695872,0,1.0,0.6940986027489761,11.108352,4,0.5,5.183968000773445,23.261184,2,1.0,100.03330327781899,18.747392,0,1.0,0.44177663867379213,20.865024,0,1.0,0.1706947805045975,1.052672,0,1.0,2.6513805948087312,11.362304,0.01257861635220126,0.0,0.0,0.0,0.006472491909385114
41,2024-01-09 18:41:52,9.291666666666668,975.0,,24.25,,4.8,,,0,1.0,1.025269383050091,10.05568,0,1.0,0.4696564160971901,8.54016,0,1.0,2.4298539159534545,12.013568,0,1.0,1.0577609028841242,11.0592,0,1.0,6.325416047548292,27.136,1,0.08333333333333334,3.4619458644096817,16.498688,3,1.0,,249.843712,0,1.0,0.07964777457567321,1.101824,0,1.0,1.5164915898691689,10.330112,,,1.0,0.0,0.18181818181818182
42,2024-01-09 18:44:03,43.05555555555551,233.34745762711862,975.0,46.25,204.99999999999994,975.0,235.0,240.625,0,1.0,1.927645952949533,9.637888,0,1.0,0.6918233363175158,8.466432,0,1.0,2.0296344339622165,11.784192,0,1.0,1.2498320519519233,11.620352,0,1.0,4.814286929884277,12.632064,2,1.0,99.98341171440785,31.576064,2,1.0,99.98513286242857,265.756672,0,1.0,0.16434003259096586,1.056768,0,1.0,2.1023920450594464,11.743232,0.025806451612903226,0.0,0.0,0.0,0.013245033112582783
43,2024-01-09 18:46:14,22.083333333333346,19.450000000000003,4875.0,24.25,8.857142857142856,4875.0,4.8,9.75,0,1.0,1.4171540625800567,9.490432,0,1.0,0.4686655718599357,9.101312,0,1.0,3.106400755594417,11.902976,3,1.0,2.0759945872802046,493.555712,0,1.0,6.494954393257113,13.238272,0,1.0,8.57592186929534,25.51808,0,1.0,0.6415361781075519,12.361728,1,1.0,0.31603044124569113,3.137536,0,1.0,1.567686472819208,11.546624,0.024691358024691357,0.8064516129032259,1.0,0.0,0.05325443786982249
44,2024-01-09 18:48:24,16.599999999999994,16.749999999999986,,43.74999999999999,8.799999999999999,24.25,,,0,1.0,1.4994398584904953,9.875456,0,1.0,0.47034054302807016,9.039872,0,1.0,3.0764761012183715,11.771904,0,1.0,1.7781783789981238,10.481664,0,1.0,5.828540223761326,12.578816,0,1.0,6.757271070922501,12.685312,4,0.5,0.014636420136730877,10.981376,4,0.4166666666666667,0.16093655383728855,4.54656,0,1.0,1.2625030064940435,10.809344,0.011976047904191617,,1.0,0.0,0.03823529411764706
45,2024-01-09 18:50:35,19.0,17.772727272727256,975.0,24.25,9.666666666666666,975.0,4.8,22.0,0,1.0,0.6095882103220417,9.785344,0,1.0,0.6029862398750849,9.216,4,0.5,2.4412654473554127,20.115456,0,1.0,1.688270449743446,10.30144,0,1.0,6.195005954743969,13.307904,0,1.0,7.666731124937011,11.767808,0,1.0,0.6982477021754945,21.372928,0,1.0,0.23603272290603425,3.588096,1,1.0,1.8573861532765614,10.387456,0.018604651162790694,0.0,0.0,0.0,0.005509641873278236
46,2024-01-09 18:52:45,9.70192307692308,9.88068181818182,,24.25,7.499999999999997,24.03571428571429,,,0,1.0,1.4595802119184849,9.924608,0,1.0,0.623566845203369,8.945664,3,1.0,3.3895063859164654,29.405184,0,1.0,1.8486780032913361,10.11712,0,1.0,5.951510675439768,12.550144,0,1.0,6.696451435887951,13.058048,4,0.5,0.008079512664315483,10.592256,0,1.0,0.17017264879600158,1.359872,0,1.0,1.6904907607391357,10.006528,0.02824858757062147,,1.0,0.0,0.043478260869565216
47,2024-01-09 18:54:56,650.0000000000005,22.78125,975.0,24.25,8.749999999999998,975.0,4.8,9.5,0,1.0,0.6138859607090186,10.145792,4,0.5,0.7958557106538205,16.576512,2,1.0,99.60010194902547,26.2144,0,1.0,2.0696924371319168,10.89536,0,1.0,4.985758618363342,13.090816,0,1.0,5.362435089020715,12.382208,0,1.0,0.7525419545903258,19.431424,0,1.0,0.22918454935622243,0.851968,0,1.0,1.8939518043684846,11.513856,0.04411764705882353,0.0,0.0,0.0,0.017341040462427744
48,2024-01-09 18:57:06,,,,,9.25,,,,0,1.0,0.3010435090201579,9.465856,0,1.0,0.3123940980485481,17.874944,0,1.0,1.1625380579128293,9.723904,0,1.0,0.8843299353555061,10.05568,1,0.08333333333333334,3.5385409652076314,24.367104,0,1.0,4.0162868260143805,12.632064,4,0.5,0.009189584387829706,10.887168,0,1.0,0.16087047939444912,0.872448,0,1.0,0.4386218876664903,10.784768,0.0,,0.6666666666666666,0.0,
49,2024-01-09 18:59:17,2106.2499999999986,4397.058823529412,,45.0,2325.0,4625.0,,,0,1.0,1.0602047900034752,9.33888,0,1.0,0.22232760148909736,9.19552,0,1.0,2.656009676597958,12.04224,1,1.0,0.5520960936436641,18.980864,0,1.0,3.471938374469421,27.512832,2,1.0,100.2238258720132,19.267584,0,1.0,,10.317824,0,1.0,0.17694695853504563,0.790528,0,1.0,0.025791678846337544,10.48576,0.47959183673469397,,0.6666666666666667,0.8333333333333334,0.5751295336787565
50,2024-01-09 19:01:28,18.15624999999997,16.687499999999986,,24.25,10.0,24.25,,,0,1.0,0.702846870211216,9.351168,0,1.0,0.4272200121367406,8.298496,0,1.0,1.8424994410909339,10.17856,0,1.0,1.9310981098109803,18.661376,4,0.5,5.205366978944044,21.692416,0,1.0,7.566874897254527,12.353536,3,1.0,,0.565248,0,1.0,0.22066765708293398,1.2288,0,1.0,1.881656213071555,12.034048,0.011049723756906077,,0.846153846153846,0.0,0.03409090909090909
51,2024-01-09 19:03:39,21.906249999999986,18.76923076923076,,24.25,8.0,24.18181818181818,,,0,1.0,1.7414061260116627,9.40032,0,1.0,0.1938369781312117,8.802304,0,1.0,3.103557910673754,10.38336,4,0.5,1.1441770848900799,14.86848,4,0.5833333333333333,3.691592088052689,31.379456,0,1.0,7.2734608438678015,11.911168,0,1.0,,,0,1.0,0.2589025377969764,1.245184,0,1.0,0.01693198263386196,12.517376,0.029761904761904753,,0.8,0.0,0.08333333333333334
52,2024-01-09 19:05:49,22.500000000000007,9.675675675675675,4875.0,24.25,8.666666666666666,4875.0,4.8,9.25,0,1.0,1.3234386968290999,9.945088,0,1.0,0.8089278937381366,8.4992,0,1.0,3.1055140390335865,10.387456,3,1.0,1.7031473638089683,435.4048,0,1.0,6.203703301476976,22.2208,0,1.0,7.336649754241514,12.365824,0,1.0,0.48156133828996295,9.838592,1,1.0,0.41624090791489066,3.915776,0,1.0,0.02670015455949672,11.718656,0.02222222222222222,0.5,0.8333333333333334,0.0,0.03399433427762041
53,2024-01-09 19:08:00,19.449999999999946,9.473214285714285,975.0,24.25,7.333333333333334,975.0,4.8,4.8,0,1.0,0.5430984274897663,9.613312,0,1.0,0.44363312555653994,8.790016,0,1.0,2.7514751392614043,10.563584,0,1.0,1.5273791896621325,7.53664,0,1.0,5.622502855692348,12.967936,0,1.0,6.067239773016103,13.422592,3,1.0,0.7974610389610386,497.713152,0,1.0,0.11441349548842672,4.067328,2,1.0,99.80915784629546,18.259968,0.03846255204764665,0.0,0.0,0.0,0.021671826625386997
54,2024-01-09 19:10:10,19.818181818181813,236.22727272727272,975.0,24.25,174.99999999999991,975.0,24.25,48.75,0,1.0,1.1837139380054542,9.392128,0,1.0,0.6229753053637809,8.585216,4,0.5,2.1190394138647215,19.8656,0,1.0,0.7400999239708941,6.946816,0,1.0,5.747911096256703,13.6192,2,1.0,99.72265172381042,19.283968,0,1.0,0.4915944743619765,10.01472,0,1.0,0.16510744144268658,2.801664,0,1.0,0.02241511360735656,12.57472,0.027397260273972605,0.0,0.0,0.0,0.013333333333333334
55,2024-01-09 19:12:21,13.749999999999982,4578.124999999999,2425.0,46.25,2425.0,9750.0,2425.0,2375.0,0,1.0,0.8510615773686121,9.457664,1,0.9166666666666666,0.9775085725889989,16.023552,0,1.0,1.752087813171976,19.771392,0,1.0,1.2883805045664105,7.643136,0,1.0,3.718973847687674,14.82752,1,1.0,4.845877507436333,13.406208,0,1.0,0.5146581972171805,10.50624,0,1.0,0.18130181908179646,2.7648,0,1.0,0.03204090328078197,12.582912,0.013157894736842108,0.0,0.0,0.0,0.006410256410256411
56,2024-01-09 19:14:31,42.34375,40.666666666666686,975.0,40.0,23.125,975.0,4.8,4.8,0,1.0,2.241448999046651,9.469952,0,1.0,0.43533928088672635,17.03936,4,0.5,1.956161076583286,18.317312,0,1.0,0.7564888864375957,8.060928,2,1.0,99.82502832968201,20.197376,0,1.0,4.667040527804171,14.245888,0,1.0,0.599097226021777,10.391552,0,1.0,0.21241982507288626,2.74432,0,1.0,0.009476031215212177,12.5952,0.02040816326530612,0.0,0.0,0.0,0.009523809523809523
57,2024-01-09 19:16:42,23.92857142857143,23.03846153846152,975.0,43.74999999999999,13.0,975.0,24.25,97.5,0,1.0,1.653258203513392,9.621504,0,1.0,0.7196681811923443,17.5104,0,1.0,2.4426973051010608,18.890752,0,1.0,1.4328084415584392,10.125312,0,1.0,5.073969072164959,12.926976,3,1.0,6.167885661381941,501.61664,2,1.0,100.10141758042042,15.618048,0,1.0,0.20664301202444352,2.781184,0,1.0,0.021568846239690614,12.664832,0.030075187969924817,0.0,0.0,0.0,0.013333333333333336
58,2024-01-09 19:18:53,17.406250000000018,15.333333333333336,975.0,24.25,9.125,975.0,4.8,24.25,0,1.0,1.8668938330992462,9.793536,0,1.0,0.6130103847061614,8.298496,4,0.5833333333333333,2.776854899380744,18.702336,0,1.0,2.1374373817210297,11.350016,0,1.0,6.535008103727723,13.76256,0,1.0,7.5518767147278485,12.98432,4,0.5833333333333333,0.5269696741666039,21.655552,0,1.0,0.18679029441868827,2.78528,0,1.0,0.09286601088713023,12.57472,0.04166666666666665,0.11764705882352944,0.0,0.0,0.016528925619834708
59,2024-01-09 19:21:03,2296.4285714285706,3892.85714285714,975.0,46.25,2380.0,4833.333333333333,,2425.0,0,1.0,1.9769504209543227,9.678848,3,1.0,0.29200558399255744,454.324224,0,1.0,3.6345323322274568,20.250624,1,1.0,1.8133944525490757,17.788928,0,1.0,5.001848543689377,14.577664,0,1.0,4.272875721130222,13.08672,0,1.0,0.7401573140474047,22.360064,0,1.0,0.23921198784449293,2.74432,0,1.0,0.025750788120188692,12.578816,0.40740740740740744,0.0,0.6666666666666666,0.6206896551724138,0.4919786096256684
60,2024-01-09 19:23:14,9.869047619047617,9.965517241379308,975.0,24.25,8.749999999999998,975.0,4.8,9.375,0,1.0,1.1941771104278818,9.916416,0,1.0,0.7131181217901695,8.585216,0,1.0,3.1451845184518357,11.382784,0,1.0,1.6837955768081285,20.037632,0,1.0,5.486437646478462,12.701696,3,1.0,7.368891601190023,22.77376,0,1.0,0.7733442546220453,10.420224,2,1.0,99.81868031159311,8.101888,0,1.0,0.015094220311109187,12.578816,0.006210809196775156,0.0,0.0,0.0,0.0031055900621118015
61,2024-01-09 19:25:24,23.312499999999982,236.0294117647059,975.0,24.25,159.9999999999998,975.0,24.25,4.8,0,1.0,1.6769759622623888,9.580544,0,1.0,0.6441204588910151,8.62208,0,1.0,2.402790870751683,10.40384,0,1.0,1.3219764734713857,9.920512,0,1.0,5.274752063826154,13.410304,2,1.0,99.71394429160935,29.36832,0,1.0,0.488574055980229,11.235328,0,1.0,0.1317176738646322,2.74432,3,1.0,2.088626060676508,23.601152,0.02238805970149254,0.0,0.0,0.0,0.010989010989010988
62,2024-01-09 19:27:35,6249.999999999997,9214.285714285716,,24.25,,4.8,,,0,1.0,1.2039565860879913,9.244672,0,1.0,0.14718811581021166,8.761344,1,1.0,1.5993594985009636,12.30848,0,1.0,1.1889454763331369,10.379264,0,1.0,3.45379695313412,15.2576,1,0.0,5.498734153956984,22.458368,0,1.0,0.4654093343534814,10.19904,0,1.0,0.2243772135182267,2.797568,0,1.0,1.3850880745090102,22.34368,,0.5,1.0,0.0625,0.12676056338028172
63,2024-01-09 19:29:45,9.939999999999994,16.675000000000004,975.0,24.25,14.499999999999977,975.0,8.749999999999998,9.333333333333332,0,1.0,0.3700765256066075,9.383936,2,1.0,100.02820712175402,14.524416,0,1.0,2.0580435867576083,10.77248,0,1.0,0.5848938606535814,10.063872,4,0.5,6.261002897514069,21.086208,0,1.0,7.041294126427341,23.875584,0,1.0,0.6225674873924602,11.14112,0,1.0,0.192720287144236,2.78528,0,1.0,1.6522314514993646,10.145792,0.0196078431372549,0.0,0.0,0.0,0.01149425287356322
64,2024-01-09 19:31:55,17.624999999999986,11.374999999999993,975.0,24.25,10.0,975.0,4.8,9.0,0,1.0,2.106911900562865,9.781248,0,1.0,0.408672492717477,9.265152,0,1.0,3.234041075503532,11.214848,0,1.0,1.9449419002050612,10.276864,3,1.0,6.36447748141671,487.44448,0,1.0,8.262473635366584,23.90016,0,1.0,0.7394174550866386,10.809344,3,1.0,0.34079379050972236,4.112384,0,1.0,1.943012369302264,10.317824,0.010989010989010988,0.0,0.0,0.0,0.008086253369272238
65,2024-01-09 19:34:06,11.875000000000034,9.756578947368421,975.0,41.249999999999986,8.499999999999998,975.0,8.499999999999998,21.249999999999993,0,1.0,0.8734421107446932,9.424896,0,1.0,0.5746559633027127,9.043968,0,1.0,2.9564716452618653,11.210752,0,1.0,1.3877299308878266,10.641408,0,1.0,6.243658979010101,13.47584,4,0.5,4.304215388907511,21.843968,3,1.0,0.7113421342134222,427.016192,0,1.0,0.23075219354289123,4.13696,0,1.0,1.7657988413485024,11.255808,0.005681818181818182,0.0,0.0,0.0,0.003448275862068966
66,2024-01-09 19:36:17,462.49999999999875,232.32142857142853,,24.25,98.66666666666666,236.87499999999997,,,0,1.0,1.6419271326641651,9.465856,0,1.0,0.6564300361293589,8.822784,0,1.0,2.3887345908213655,11.264,2,1.0,100.04486991664558,16.338944,0,1.0,4.823636157423159,13.16864,0,1.0,5.886400730468523,23.32672,1,0.0,0.32899277472231214,18.694144,0,1.0,0.19192066236011335,1.35168,0,1.0,1.5588471773965176,11.247616,0.005813953488372094,,0.9375,0.0,0.038338658146964855
67,2024-01-09 19:38:28,1412.4999999999982,229.5454545454545,4875.0,45.625,95.38461538461539,4875.0,95.0,87.49999999999999,0,1.0,1.3088430211968687,9.814016,0,1.0,0.5365392043259541,8.86784,0,1.0,2.2279680365296914,11.20256,2,1.0,100.03476290661924,16.44544,0,1.0,4.125887075887043,13.492224,0,1.0,4.796488180182424,11.61216,0,1.0,0.457863996662495,21.405696,4,0.5,0.28387735169305905,2.678784,0,1.0,1.5813019201961136,9.936896,0.006097560975609757,0.5185185185185185,0.8,0.0,0.02150537634408602
68,2024-01-09 19:40:38,20.083333333333297,9.94791666666667,975.0,24.25,9.0,975.0,4.8,20.499999999999993,0,1.0,1.154475274925406,9.560064,0,1.0,0.6234815877570115,8.839168,0,1.0,3.1145295428602555,10.989568,0,1.0,2.0079930495220895,10.235904,0,1.0,6.688912069706071,13.049856,0,1.0,7.392781316348188,11.22304,0,1.0,0.8440094432421812,10.911744,3,1.0,0.2754236677002951,529.911808,4,0.5,2.3553741125068273,26.038272,0.03278695688272643,0.0,0.0,0.0,0.017341040462427744
69,2024-01-09 19:42:49,491.66666666666686,18.454545454545435,975.0,24.25,21.0,975.0,4.8,19.749999999999993,0,1.0,1.2470519419749593,10.07616,0,1.0,0.49681197710265307,8.74496,2,1.0,99.75387085868823,16.367616,0,1.0,1.3564131364997325,10.665984,0,1.0,5.430752314222884,12.767232,0,1.0,6.37133102216617,11.07968,0,1.0,0.4432728243459705,10.09664,0,1.0,0.22480198019801959,2.2528,4,0.5,1.9411809871457568,39.776256,0.01,0.0,0.0,0.0,0.005063291139240506
70,2024-01-09 19:44:59,418.7499999999992,20.874999999999986,975.0,24.25,13.0,975.0,24.25,45.0,0,1.0,2.3802993576538,9.490432,0,1.0,0.43837606837610976,8.835072,2,1.0,100.00157499999993,20.25472,0,1.0,1.7574957457320524,11.886592,0,1.0,5.215472341954041,13.504512,0,1.0,5.339701513162449,11.849728,0,1.0,0.5857116541815052,10.498048,0,1.0,0.2526124864761661,1.654784,4,0.4166666666666667,2.388065462125173,33.898496,0.027777777777777773,0.0,0.0,0.0,0.01680672268907563
71,2024-01-09 19:47:10,25.62499999999995,10.857142857142875,975.0,24.25,4.8,975.0,4.8,8.749999999999998,0,1.0,1.4992666553842293,9.715712,3,1.0,0.4695438164717279,450.940928,0,1.0,3.1556767158435215,11.370496,0,1.0,1.900205512572514,11.313152,0,1.0,6.669939712673168,12.726272,0,1.0,7.121425626224087,11.354112,0,1.0,0.62532564383017,11.522048,0,1.0,0.2597369331948777,1.650688,4,0.16666666666666669,0.010142937898732135,22.69184,0.03164556962025317,0.0,0.0,0.0,0.0141643059490085
72,2024-01-09 19:49:21,9.928571428571427,16.68181818181819,975.0,24.25,9.16666666666666,975.0,9.0,8.749999999999998,0,1.0,0.3592338479132858,9.9328,0,1.0,0.6056178533944498,9.273344,0,1.0,1.9740979316592886,11.440128,4,0.5833333333333333,2.0230009093511936,23.805952,4,0.5,2.287464585534462,21.4016,0,1.0,1.5983817315472408,10.846208,0,1.0,0.7085028961829845,11.702272,0,1.0,0.21939796446437562,1.646592,0,1.0,0.025033038528006854,21.434368,0.034482758620689655,0.0,0.0,0.0,0.0208955223880597
73,2024-01-09 19:51:31,15.99999999999998,975.0,,24.25,,8.624999999999996,,,0,1.0,0.812750309023543,9.658368,0,1.0,0.3639604691973733,9.355264,0,1.0,2.0686143410852864,11.186176,0,1.0,0.9094233595573603,20.922368,0,1.0,5.75306822655942,26.722304,1,0.08333333333333334,0.5342369800021387,21.581824,0,1.0,0.42420076196786105,10.534912,0,1.0,0.23379715825575553,1.687552,1,1.0,0.01488219776221205,8.978432,,0.0,0.875,0.0,0.3076923076923077
74,2024-01-09 19:53:43,22.204545454545446,22.088235294117645,975.0,24.25,14.499999999999986,975.0,23.5,235.0,0,1.0,0.6883794598200421,9.621504,0,1.0,0.5230807435788356,9.09312,0,1.0,2.4816446874663973,11.173888,0,1.0,1.3813260949770725,9.961472,0,1.0,4.777131480324785,12.402688,0,1.0,5.038741001171938,25.284608,2,1.0,100.15281186094074,16.93696,2,1.0,100.01907595669066,7.077888,0,1.0,0.016373843434868418,8.851456,0.011112575461741134,0.0,0.0,0.0,0.006688963210702342
75,2024-01-09 19:55:54,15.71874999999996,17.124999999999986,975.0,41.24999999999998,8.624999999999996,975.0,4.8,9.583333333333332,0,1.0,1.6646600566572314,9.547776,0,1.0,0.4314215925745088,9.05216,0,1.0,3.032657329361962,11.374592,3,1.0,1.8068600195356526,429.375488,0,1.0,6.338608603292631,13.033472,0,1.0,7.273380794347499,12.480512,0,1.0,0.8710071074158596,10.596352,2,1.0,100.06265104357371,7.29088,0,1.0,0.018328420322524915,8.617984,0.02222311043606859,0.0,0.0,0.0,0.011331444759206798
76,2024-01-09 19:58:04,15.437499999999979,11.199999999999974,4875.0,24.25,9.166666666666666,4795.454545454545,4.8,9.5,0,1.0,0.01654870441440194,9.519104,0,1.0,0.34082300828142403,9.162752,0,1.0,0.2948725228550264,11.563008,0,1.0,0.8313989637305692,7.790592,4,0.5,4.398625154466021,21.27872,0,1.0,2.630419124971284,11.93984,0,1.0,0.5236589575422685,10.928128,4,0.5,0.23268048119864435,3.95264,0,1.0,0.017579226104039405,8.650752,0.026490066225165566,0.7916666666666665,0.9090909090909091,0.0,0.5830670926517573
77,2024-01-09 20:00:15,9.84090909090909,17.63636363636362,4875.0,24.25,11.5,4875.0,4.8,22.75,0,1.0,1.6742391884677421,9.965568,0,1.0,0.273712671509268,9.650176,0,1.0,2.547194252150257,11.259904,0,1.0,1.2626837192511993,6.680576,0,1.0,6.38364151506114,24.981504,4,0.5,7.688306359614335,22.44608,0,1.0,0.37783664900532526,10.440704,0,1.0,0.18837471036080752,4.009984,1,1.0,0.02582547764278867,8.732672,0.5084745762711864,0.7500000000000001,0.9166666666666666,0.0,0.050746268656716415
78,2024-01-09 20:02:25,9.583333333333337,16.41666666666666,4875.0,24.25,5.5,4875.0,4.8,22.0,0,1.0,1.5835488126646184,9.957376,0,1.0,0.8581529186078234,9.510912,3,1.0,0.8510010849196173,105.39008,4,0.5,1.5491304882089825,12.41088,0,1.0,6.434391798282067,13.357056,0,1.0,7.525565661047032,22.904832,0,1.0,0.7001952648279296,10.297344,0,1.0,0.223068571428572,0.8192,0,1.0,0.0163463558076042,8.58112,0.026881720430107524,0.631578947368421,0.923076923076923,0.0,0.033707865168539325
79,2024-01-09 20:04:36,13.375000000000032,14.714285714285694,4875.0,24.25,9.299999999999999,4875.0,4.8,9.416666666666666,0,1.0,1.3459111775384134,9.68704,4,0.5,0.8768283728000839,17.98144,0,1.0,2.249075134060373,106.561536,0,1.0,1.65899814471243,14.368768,0,1.0,5.530188459748716,13.090816,4,0.5,5.458659127893557,20.992,0,1.0,0.5543679417122123,10.313728,0,1.0,0.21062961623883025,0.823296,0,1.0,0.010058359079985847,8.536064,0.016949152542372878,0.5714285714285714,0.9411764705882353,0.0,0.03658536585365854
80,2024-01-09 20:06:47,,,4875.0,,9.25,,,9.5,0,1.0,0.47942091274124016,9.457664,0,1.0,0.3347113458386447,19.2512,0,1.0,0.9856556030233323,9.752576,0,1.0,0.8926664040961007,6.504448,1,0.08333333333333334,3.5008830389870043,24.416256,0,1.0,2.8460782699379803,21.356544,0,1.0,0.3366432958312697,10.395648,0,1.0,0.2587747145641878,0.823296,3,1.0,0.8647243251510284,16.728064,0.015624902305282707,0.6363404874499817,0.7999359795134443,0.0,
81,2024-01-09 20:08:59,31.66666666666662,247.3076923076923,4875.0,24.25,189.99999999999991,4875.0,220.0,90.0,0,1.0,1.1650712309111215,10.010624,0,1.0,0.5263285928143715,9.162752,0,1.0,2.0134084231145986,9.289728,0,1.0,1.3368872640453637,7.327744,0,1.0,5.097291911964495,25.694208,2,1.0,100.19173701298698,16.695296,0,1.0,0.5654004209682232,10.215424,0,1.0,0.20420406597621812,0.811008,4,0.5,1.7176692413928663,27.348992,0.026143790849673207,0.6,0.8666666666666666,0.0,0.05787781350482315
82,2024-01-09 20:11:09,9.53125,18.71875,975.0,24.25,7.499999999999997,975.0,4.8,9.416666666666666,0,1.0,0.7019856324154788,10.067968,0,1.0,0.5102706732423442,8.450048,4,0.5,2.818574806373939,19.12832,0,1.0,1.946860810074465,7.073792,0,1.0,6.937428101889879,12.111872,0,1.0,7.301483312731756,10.924032,3,1.0,0.9025594316422263,479.895552,0,1.0,0.28587751885624213,0.790528,0,1.0,1.7782317613468541,18.579456,0.00606060606060606,0.0,0.0,0.5,0.002849002849002849
83,2024-01-09 20:13:20,14.37499999999999,14.593749999999991,975.0,48.125,9.0,975.0,4.8,21.249999999999993,0,1.0,0.3835972647113861,9.510912,0,1.0,0.43969782150386416,8.45824,0,1.0,25.80125302067482,19.959808,4,0.5,1.849307052809592,14.88896,0,1.0,5.712241153342064,11.993088,0,1.0,8.301949473909072,10.436608,0,1.0,0.7231532169768793,480.309248,0,1.0,0.15808073447974205,0.8192,2,1.0,100.07766729901223,15.99488,0.03067484662576687,0.0,0.0,0.0,0.01288659793814433
84,2024-01-09 20:15:30,15.156250000000002,16.74999999999997,4875.0,24.25,15.99999999999998,4875.0,4.8,9.5,0,1.0,1.314804623004646,10.174464,0,1.0,0.5039651390973109,8.568832,0,1.0,2.6455232789494665,10.080256,0,1.0,1.5475470155355666,15.695872,0,1.0,5.6301916763740465,13.172736,4,0.5,7.109163940801702,20.443136,0,1.0,0.3657331035331778,10.62912,1,1.0,0.12595932802829354,1.499136,0,1.0,1.6689441614223297,10.62912,0.006410256410256411,0.5666666666666667,0.75,0.0,0.03896103896103896
85,2024-01-09 20:17:42,14.071428571428577,9.833333333333332,975.0,24.25,6.0,975.0,4.8,9.5,0,1.0,0.7109723306441212,9.519104,0,1.0,0.6223103535566654,8.58112,0,1.0,3.238035413153459,10.104832,0,1.0,1.8999666527719894,9.609216,0,1.0,6.27064402631174,12.795904,3,1.0,8.802330694810907,30.220288,0,1.0,0.6848590399477527,10.215424,0,1.0,0.18924219752030796,1.687552,2,1.0,99.9504275653924,16.093184,0.023673103675933126,0.0,0.0,0.0,0.012987012987012988
86,2024-01-09 20:19:52,18.249999999999936,10.107142857142836,975.0,24.25,7.499999999999997,975.0,4.8,9.25,0,1.0,1.313457178841254,9.44128,3,1.0,0.6183554419050662,71.258112,4,0.5,3.134365559927949,19.1488,0,1.0,2.0199329527951466,10.407936,0,1.0,6.627924962975134,13.099008,0,1.0,8.309895943937146,20.770816,0,1.0,0.8733262561924973,9.805824,0,1.0,0.2027955216704438,0.835584,0,1.0,1.8873089460341372,9.85088,0.04938271604938271,0.0,0.0,0.0,0.026490066225165566
87,2024-01-09 20:22:03,,16.468749999999986,975.0,24.25,649.9999999999992,2425.0,4.8,8.749999999999998,0,1.0,1.1270431755598842,9.44128,1,0.9166666666666666,0.5250631356221424,71.786496,4,0.5,0.007065609228550829,20.35712,0,1.0,0.9401563647811889,11.083776,0,1.0,6.325957468772589,14.143488,0,1.0,5.023823021937399,10.764288,0,1.0,1.0094988853348903,9.818112,0,1.0,0.2819878141660325,0.79872,0,1.0,0.7379073363496365,10.248192,0.024193548387096774,0.0,0.0,,0.3090909090909091
88,2024-01-09 20:24:13,46.58333333333334,43.263888888888886,975.0,24.25,27.5,975.0,,9.5,0,1.0,1.5170472739529195,10.05568,0,1.0,0.8068981035036964,8.228864,0,1.0,4.695656577022617,19.939328,0,1.0,1.5495774961085103,12.955648,2,1.0,99.81129241281805,19.406848,0,1.0,5.498013729977109,11.849728,0,1.0,0.9414927261227095,9.728,0,1.0,0.24580415926429106,1.077248,1,1.0,2.139755095831947,10.698752,0.02631613560017572,0.0,0.0,0.0,0.013201320132013203
89,2024-01-09 20:26:24,20.59374999999997,15.999999999999979,975.0,43.74999999999999,20.499999999999993,975.0,9.75,9.375,0,1.0,2.0043097068033138,10.0352,2,1.0,100.24204066899291,13.586432,0,1.0,3.310525492649358,10.15808,0,1.0,2.391688040277382,9.965568,0,1.0,7.048063623789886,12.550144,3,1.0,7.268318682079325,19.521536,0,1.0,0.6600796542665873,10.584064,0,1.0,0.1874150630959853,0.815104,0,1.0,2.3018177331797807,12.439552,0.03184713375796178,0.0,0.0,0.0,0.016233766233766236
90,2024-01-09 20:28:35,24.249999999999996,10.12500000000002,975.0,24.25,8.249999999999998,975.0,4.8,9.583333333333332,0,1.0,1.4111545862734434,10.05568,0,1.0,0.7279202719406831,8.695808,0,1.0,2.9421172762349923,10.379264,0,1.0,1.7105208582595584,10.297344,0,1.0,6.289815950920341,12.976128,0,1.0,7.503546063819144,21.254144,4,0.5,1.0417645818567052,20.7872,0,1.0,0.1581328110427164,0.86016,4,0.5,2.124725448408727,20.2752,0.05232558139534883,0.05714285714285714,0.0,0.0,0.026706231454005937
91,2024-01-09 20:30:45,6899.999999999996,4681.25,975.0,,2387.5,4750.0,2425.0,2387.5,0,1.0,1.0015570762673005,10.162176,0,1.0,0.18737086232345396,8.757248,0,1.0,2.2426835853131766,10.760192,1,1.0,2.1642031542100653,18.16576,0,1.0,4.313662745098064,14.47936,0,1.0,4.108299609513669,12.312576,0,1.0,0.5312721079523121,21.508096,0,1.0,0.17951351627574208,0.835584,1,1.0,0.5391394472361795,20.344832,0.4125082468661909,0.0,0.5,0.9041095890410957,0.5920398009950248
92,2024-01-09 20:32:56,12.399999999999949,12.156250000000002,975.0,46.25,8.499999999999998,975.0,8.749999999999998,9.333333333333332,0,1.0,0.7305676253535649,9.457664,0,1.0,0.3850153072381103,8.810496,0,1.0,2.9685968670504588,10.9568,0,1.0,1.8949012214115903,20.496384,0,1.0,5.1970928758558514,13.512704,0,1.0,6.768250337872976,11.14112,0,1.0,0.5430291896305369,10.989568,2,1.0,99.86681465038845,6.197248,2,1.0,100.25976657920927,16.986112,0.004716981132075472,0.0,0.0,0.0,0.0024752475247524753
93,2024-01-09 20:35:09,9.544117647058826,9.79891304347826,975.0,24.25,6.999999999999993,975.0,4.8,4.8,0,1.0,1.837901758641547,9.920512,4,0.5,0.6192496895349665,16.498688,0,1.0,3.3509553519204665,11.01824,0,1.0,1.8859225184282014,10.051584,0,1.0,6.271079038651993,12.722176,0,1.0,6.814190153407059,11.390976,0,1.0,0.6961543715847012,9.949184,0,1.0,0.1786239396795358,1.667072,3,1.0,2.704655003670174,25.35424,0.03550295857988166,0.0,0.0,0.0,0.016393442622950817
94,2024-01-09 20:37:19,4395.833333333332,16.449999999999996,975.0,24.25,9.375,975.0,4.8,4.8,0,1.0,0.8291019786909375,9.478144,0,1.0,0.2365391756405499,17.788928,1,0.08333333333333334,0.9668010319251854,21.803008,0,1.0,1.0678124539967615,10.092544,3,1.0,4.289157346538035,403.062784,0,1.0,5.8920397158264715,12.238848,0,1.0,0.6125864453665274,10.801152,0,1.0,0.1594892338507573,1.675264,0,1.0,0.8673840384772126,24.915968,0.011235955056179775,0.0,0.0,,0.022222222222222223
95,2024-01-09 20:39:30,13.857142857142854,9.84090909090909,975.0,24.25,18.249999999999993,975.0,4.8,9.333333333333332,0,1.0,0.7796485422492953,9.89184,2,1.0,99.97591284503368,14.09024,0,1.0,3.330916726529259,22.20032,0,1.0,1.5874646994409585,10.272768,4,0.5,5.062932569974555,412.090368,0,1.0,6.738103133808665,12.681216,0,1.0,0.514615710652731,10.97728,0,1.0,0.18939593388911788,1.67936,0,1.0,1.0395909835602508,12.931072,0.02054794520547945,0.0,0.0,0.0,0.010067114093959733
96,2024-01-09 20:41:40,18.499999999999986,18.249999999999986,975.0,45.0,9.166666666666666,975.0,4.8,4.8,0,1.0,1.3830840585752235,9.58464,2,1.0,99.94324507423923,13.672448,0,1.0,3.4604770992366385,10.559488,0,1.0,2.023093365905797,10.40384,3,1.0,6.280368956058734,447.414272,0,1.0,6.877161152614743,11.636736,0,1.0,0.690837646156795,10.235904,0,1.0,0.21370937616735833,1.675264,0,1.0,2.2445632568925595,13.504512,0.025906735751295335,0.0,0.0,0.0,0.014705882352941176
97,2024-01-09 20:43:51,10.749999999999986,15.24999999999999,975.0,45.0,8.166666666666664,975.0,9.25,9.5,0,1.0,1.5062709590882732,9.453568,0,1.0,0.7137824831568929,8.25344,0,1.0,2.457833948688812,10.121216,0,1.0,1.95685912240185,10.866688,3,1.0,6.0454278653073965,469.643264,4,0.5833333333333333,7.802824214406545,22.564864,0,1.0,0.6977176669484406,10.145792,0,1.0,0.2471966936755613,1.650688,0,1.0,1.9266666666666679,12.767232,0.5069444444444444,0.0,0.0,0.0,0.013559322033898308
98,2024-01-09 20:46:02,20.031249999999993,15.035714285714278,975.0,24.25,8.333333333333332,975.0,487.5,950.0,0,1.0,0.8648640661936466,10.113024,0,1.0,0.5109727802614459,8.978432,0,1.0,3.0923497579037287,10.600448,3,1.0,2.1541837684014595,498.01216,0,1.0,6.338303341902322,12.476416,0,1.0,7.478873239436616,23.666688,1,1.0,0.8629940411042201,10.371072,0,1.0,0.18591391356850917,1.691648,0,1.0,2.5335980746089075,15.138816,0.03759398496240602,0.0,0.0,0.0,0.020338983050847456
99,2024-01-09 20:48:12,950.0000000000009,224.49999999999991,2425.0,24.25,92.85714285714285,2425.0,97.5,97.5,0,1.0,1.0596786599434618,10.018816,0,1.0,0.6756285097192182,8.507392,0,1.0,2.328237538755058,10.432512,2,1.0,99.76525715643183,16.908288,0,1.0,4.507492997198868,14.299136,0,1.0,5.837036064425747,11.481088,0,1.0,0.5783711615487362,10.6496,1,1.0,0.23608625716293904,1.732608,0,1.0,2.2923976608187036,12.251136,0.03496459458703015,0.0,0.0,0.0,0.01892744479495268
100,2024-01-09 20:50:23,7458.333333333327,18.437499999999986,975.0,24.25,6.999999999999993,975.0,4.8,4.8,0,1.0,0.5837006463670557,10.09664,0,1.0,0.31667742166765195,8.74496,1,1.0,2.1373711732751226,11.9808,0,1.0,1.505007247331684,11.390976,0,1.0,5.055276892835336,14.299136,0,1.0,6.145936516041214,11.01824,0,1.0,0.6643279982459953,11.042816,3,1.0,0.33282907320466004,497.688576,0,1.0,1.8539636157979142,12.414976,0.009434015632218587,0.0,0.0,0.08333333333333333,0.03314917127071823
101,2024-01-09 20:52:36,7374.999999999997,4809.782608695652,,24.25,2425.0,4875.0,2425.0,2425.0,0,1.0,0.04444924406038333,10.145792,0,1.0,0.1301140030113933,9.019392,0,1.0,1.6199535018889846,11.59168,1,1.0,1.1335852411647034,20.471808,0,1.0,3.581116158338729,15.253504,0,1.0,3.5777285767743563,14.168064,0,1.0,0.9727844712182067,10.592256,0,1.0,0.08436438879456441,3.715072,4,0.5,67.11158891930293,27.885568,0.1,0.0,0.0,0.711111111111111,0.3821138211382114
102,2024-01-09 20:54:47,237.4999999999994,19.999999999999986,4875.0,48.125,30.0,4875.0,4.8,42.499999999999986,0,1.0,1.7160160485795601,9.990144,0,1.0,0.705235464351501,8.925184,2,1.0,99.79722896062697,18.714624,0,1.0,1.4864890245333962,21.979136,0,1.0,4.380642132932764,13.49632,0,1.0,4.249562803608587,12.173312,0,1.0,0.432395722955409,10.17856,1,1.0,0.22159333024548405,6.291456,0,1.0,1.4423856633149548,30.531584,0.02298850574712644,0.6666666666666666,1.0,0.0,0.03630363036303631
103,2024-01-09 20:56:58,41.25,43.61842105263156,975.0,24.25,23.285714285714285,975.0,9.25,18.249999999999993,0,1.0,1.464821787796099,10.088448,3,1.0,0.38471037555697,16.592896,0,1.0,2.059123349589627,11.173888,0,1.0,1.218103273022972,10.3424,2,1.0,100.0635807860262,19.439616,0,1.0,4.091784210174491,12.869632,0,1.0,0.31168592918730215,11.169792,0,1.0,0.26428713461920855,6.463488,0,1.0,2.449179460031763,10.092544,0.013422818791946308,0.0,0.0,0.0,0.007168458781362008
104,2024-01-09 20:59:08,19.3409090909091,15.083333333333307,975.0,42.499999999999986,9.125,975.0,4.8,9.25,0,1.0,0.3125857674963318,9.773056,0,1.0,0.2964414862952679,17.063936,0,1.0,3.318168792090549,12.357632,0,1.0,1.3936345596092194,10.407936,4,0.5833333333333333,5.301536167210381,22.614016,0,1.0,2.7152473306855316,12.955648,0,1.0,0.26502817016412267,11.210752,2,1.0,99.75561493708568,10.108928,0,1.0,0.37309133951470236,9.940992,0.041666666666666664,0.0,0.0,0.0,0.01694915254237288
105,2024-01-09 21:01:19,16.0,8499.999999999998,,24.25,,9.375,,,0,1.0,1.3994562088158309,9.416704,3,1.0,0.1714412167055604,231.714816,0,1.0,1.8466397918048598,11.321344,0,1.0,1.1720640994977292,10.051584,0,1.0,5.5532699331541595,28.045312,1,0.08333333333333334,6.744515093327333,27.410432,0,1.0,0.689160656423113,10.657792,0,1.0,0.25565009306039177,4.857856,0,1.0,1.56879262193932,10.305536,,0.0,1.0,0.0,0.14035087719298248
106,2024-01-09 21:03:30,20.333333333333357,19.984374999999993,975.0,46.25,41.249999999999986,975.0,24.25,95.0,0,1.0,1.9441186736476146,9.78944,2,1.0,100.23788256227758,238.514176,0,1.0,2.4839621016365,11.4688,0,1.0,1.593244689841684,10.5472,0,1.0,4.316777807415313,12.201984,0,1.0,5.4194753727118306,27.181056,2,1.0,100.1395715592874,15.814656,0,1.0,0.21595082713614006,4.870144,0,1.0,2.520967341363477,11.866112,0.029582437971544057,0.0,0.0,0.0,0.013440860215053765
107,2024-01-09 21:05:40,14.000000000000005,16.625000000000007,975.0,24.25,9.0,975.0,4.8,4.8,0,1.0,2.4845465161541798,9.682944,0,1.0,0.6594608341810684,8.388608,0,1.0,3.238238069560507,11.34592,3,1.0,2.0222179264127784,435.421184,0,1.0,6.4425683622464165,12.816384,3,1.0,6.814005716619027,432.521216,0,1.0,0.9570547945206028,10.969088,0,1.0,0.26092252396169857,4.841472,0,1.0,2.50129375951292,10.371072,0.0160427807486631,0.0,0.0,0.0,0.017492711370262388
108,2024-01-09 21:07:51,,,4875.0,,6.0,,,,0,1.0,0.6298294272637119,9.50272,0,1.0,0.23328594942393896,8.454144,0,1.0,1.1522287436548468,11.087872,0,1.0,0.9184244791666437,10.534912,1,0.08333333333333334,7.713345182592307,23.564288,0,1.0,3.987974068071302,11.657216,0,1.0,0.31417884602069224,10.518528,4,0.4166666666666667,0.3508963670211934,6.12352,0,1.0,0.6971128948731562,9.64608,0.03636363636363637,0.8235294117647058,0.888888888888889,0.0,
109,2024-01-09 21:10:01,479.16666666666526,20.636363636363626,4875.0,46.24999999999999,9.166666666666666,4875.0,4.8,8.749999999999998,0,1.0,1.4234640556034135,9.474048,0,1.0,0.30094102199360806,8.548352,2,1.0,99.94839341692797,19.968,0,1.0,1.573294850372163,10.964992,0,1.0,5.395951859956238,26.169344,0,1.0,6.262097111762251,12.537856,0,1.0,0.2780132939438904,10.940416,0,1.0,0.20610213502596642,6.18496,1,1.0,1.4670624048706624,10.194944,0.01898772617993167,0.7619047619047619,0.875,0.0,0.04276315789473684
110,2024-01-09 21:12:12,9.722222222222218,17.431818181818194,4875.0,24.25,8.083333333333329,4875.0,4.8,9.0,0,1.0,1.8296990989968847,9.904128,0,1.0,0.42026496565253635,8.802304,3,1.0,3.066951050442572,19.382272,0,1.0,1.7449375200256363,10.162176,0,1.0,6.311616416821066,12.324864,0,1.0,7.8964096124208085,12.73856,0,1.0,0.5839069041368085,10.62912,0,1.0,0.12182927848842094,0.835584,1,1.0,1.508771335681383,9.728,0.04929577464788732,0.7500000000000001,0.846153846153846,0.0,0.06907894736842105
111,2024-01-09 21:14:25,8.73333333333333,16.136363636363644,4875.0,24.25,8.374999999999995,4875.0,4.8,8.75,0,1.0,0.6180094000552181,9.916416,4,0.5833333333333333,0.8612740343324843,17.461248,0,1.0,3.827088316059879,20.348928,0,1.0,1.9487843589928548,11.44832,3,1.0,7.6762177830991245,81.924096,0,1.0,4.011755400060841,12.67712,0,1.0,0.26279968034097184,10.883072,0,1.0,0.16022904260192375,0.782336,0,1.0,0.30470752596733475,9.281536,0.019705947846238428,0.7878501273190249,0.9199999999999998,0.0,0.04776119402985075
112,2024-01-09 21:16:35,,,4875.0,,9.0,,975.0,975.0,0,1.0,0.2936666887725293,9.609216,0,1.0,0.22529476787030195,18.337792,0,1.0,1.0609010011123516,9.74848,0,1.0,0.8755599935229652,9.1136,1,0.08333333333333334,6.34540699907058,96.52224,0,1.0,3.495676841937038,12.279808,1,1.0,0.20277896172531026,10.50624,0,1.0,0.15687047069584092,0.823296,0,1.0,0.5558414854508182,9.797632,0.0,0.8000000000000002,0.6,0.0,
113,2024-01-09 21:18:47,20.961538461538446,235.69230769230768,4875.0,24.25,95.83333333333333,4875.0,96.25,87.49999999999999,0,1.0,1.3124696483118417,9.785344,0,1.0,0.5889320184641208,9.588736,0,1.0,2.1745870315581857,9.56416,0,1.0,1.3104209930148962,9.306112,0,1.0,5.000485575549845,25.62048,2,1.0,100.26797638436484,19.37408,0,1.0,0.5344223732357755,11.124736,3,1.0,0.30238724373576314,413.507584,0,1.0,1.5013143113906973,10.104832,0.018072289156626505,0.6666666666666666,0.9166666666666666,0.0,0.036144578313253024
114,2024-01-09 21:20:57,22.89999999999999,12.916666666666647,975.0,24.25,8.249999999999998,975.0,,4.8,0,1.0,1.5222573927530711,9.48224,0,1.0,0.36684725786522265,8.511488,0,1.0,3.8238857558668413,9.621504,0,1.0,2.1974698795180863,8.290304,0,1.0,5.7556082282231555,12.5952,0,1.0,7.634540801260112,12.890112,3,1.0,0.7767293997965414,19.677184,2,1.0,99.98582372389319,418.963456,0,1.0,1.451708116971867,14.516224,0.02551020408163265,0.0,0.0,0.0,0.010723860589812334
115,2024-01-09 21:23:08,456.24999999999744,23.416666666666657,975.0,24.25,21.749999999999993,975.0,4.8,4.8,0,1.0,0.9314604651165631,10.223616,0,1.0,0.4602166716822149,8.78592,2,1.0,99.90055693069311,15.511552,4,0.5,1.331750225360193,16.207872,0,1.0,5.146106331347904,12.558336,0,1.0,5.284965946964246,12.959744,0,1.0,0.5664213760091453,21.712896,0,1.0,0.21624217340554686,0.790528,0,1.0,0.01585649494127309,12.623872,0.04929577464788732,0.0,0.0,0.0,0.028880866425992777
116,2024-01-09 21:25:18,15.625000000000007,13.214285714285687,4875.0,24.25,5.0,4875.0,4.8,4.8,0,1.0,1.344938078633913,9.719808,0,1.0,0.5511963290724343,9.355264,0,1.0,2.9596572794898908,9.961472,0,1.0,1.7326785714285717,16.900096,0,1.0,6.10200157328907,12.967936,0,1.0,6.470785633138205,12.447744,0,1.0,0.5682219419924361,10.0352,1,1.0,0.29747870391673853,1.49504,3,1.0,1.7807841636134958,136.843264,0.05555555555555556,0.8636363636363635,1.0,0.0,0.06382978723404256
117,2024-01-09 21:27:29,13.899999999999988,9.792857142857141,975.0,46.87499999999999,8.0,975.0,4.8,9.375,0,1.0,0.8974555735057279,10.05568,0,1.0,0.5924262973802562,8.933376,0,1.0,4.332219335185029,10.350592,4,0.5,1.7318733934913482,16.908288,0,1.0,6.36676814417922,12.34944,0,1.0,8.392468619246856,12.591104,0,1.0,0.9503600790261937,10.047488,0,1.0,0.21768953068592084,1.687552,2,1.0,99.92377780286778,141.59872,0.02563575014402107,0.0,0.0,0.0,0.013468013468013467
118,2024-01-09 21:29:39,15.624999999999993,16.974999999999998,975.0,24.25,8.499999999999998,975.0,4.8,20.499999999999993,0,1.0,0.9719162640902026,10.125312,0,1.0,0.46212670339228445,9.080832,4,0.5,2.8993804472475295,19.6608,0,1.0,2.1239343643907964,17.321984,0,1.0,6.2622945720358825,13.541376,0,1.0,7.704394441701362,12.43136,0,1.0,0.821568627450985,10.42432,0,1.0,0.13820568495854704,1.662976,1,1.0,0.018975142195061336,8.33536,0.024844720496894408,0.0,0.0,0.51010101010101,0.015974440894568693
119,2024-01-09 21:31:50,9.727272727272727,16.818181818181813,4875.0,24.25,487.5,4875.0,4.8,4.8,0,1.0,1.6282915262700401,9.408512,1,1.0,0.7142778322707173,9.48224,0,1.0,2.879718387631142,20.02944,0,1.0,1.5767250176622993,10.752,0,1.0,5.8799664241745955,13.123584,0,1.0,6.137723236555914,12.296192,0,1.0,0.7724528583140822,9.949184,3,1.0,0.16714085649001253,1.470464,0,1.0,0.013639497268922334,8.06912,0.06369280645950574,0.5,1.0,0.0,0.05787781350482315
120,2024-01-09 21:34:02,41.14583333333332,45.38043478260869,4875.0,48.33333333333333,23.8,4875.0,9.75,4.8,0,1.0,1.1548680399099287,9.781248,2,1.0,99.61432740005836,14.5408,0,1.0,1.8080988513015077,10.0352,0,1.0,1.0939453284373746,11.460608,2,1.0,99.89706132044664,18.726912,0,1.0,4.714787445371474,12.65664,0,1.0,0.3743128312584762,10.559488,0,1.0,0.25282051282051277,1.605632,0,1.0,0.01936891362082568,8.06912,0.0170940170940171,0.6,0.8571428571428572,0.0,0.027131782945736434
121,2024-01-09 21:36:12,14.82142857142857,18.099999999999987,4875.0,24.25,9.25,4875.0,4.8,21.249999999999993,0,1.0,1.3329329565079306,9.66656,2,1.0,100.06546546546535,14.831616,0,1.0,2.758831863979854,9.846784,0,1.0,1.7145868945868912,9.822208,0,1.0,5.702180210397839,12.619776,3,1.0,8.31092471081648,22.392832,0,1.0,0.6868743673377569,10.30144,0,1.0,0.16229709035222045,0.831488,0,1.0,0.022459996144212544,7.991296,0.027586206896551724,0.7391304347826088,0.9090909090909091,0.0,0.046594982078853056
122,2024-01-09 21:38:22,14.968749999999984,9.590277777777779,,45.0,8.624999999999996,24.0625,4.8,,0,1.0,1.7538705268390475,10.09664,0,1.0,0.7337915450521986,8.998912,0,1.0,4.477571372702376,10.047488,4,0.5,1.4876098320542768,17.076224,0,1.0,6.017368806188701,12.623872,0,1.0,6.022874909442174,22.368256,4,0.5,0.007661431064572428,12.914688,0,1.0,0.21619682503813345,0.782336,0,1.0,0.015749999999998137,7.999488,0.00625,1.0,0.888888888888889,0.0,0.027108433734939763
123,2024-01-09 21:40:33,,4656.249999999999,975.0,46.25,2350.0,4249.999999999999,,,0,1.0,0.7894435995596912,9.920512,0,1.0,0.3770364074232429,8.896512,4,0.5833333333333333,0.3617457245269645,17.780736,1,1.0,1.3406470414052722,22.13888,0,1.0,4.614211262234645,14.651392,0,1.0,4.5311195553538965,12.079104,0,1.0,0.6717119057063524,20.811776,0,1.0,0.2839078929854913,0.794624,0,1.0,0.01429255610288731,8.142848,0.5652173913043478,0.0,0.4285714285714286,0.9777777777777779,0.7373737373737375
124,2024-01-09 21:42:44,15.343750000000009,9.296052631578947,975.0,48.33333333333333,7.249999999999995,975.0,4.8,8.249999999999998,0,1.0,1.4654298903635832,9.613312,3,1.0,0.5337279766579374,498.147328,0,1.0,2.957825967609114,19.607552,0,1.0,1.712835448304555,14.708736,0,1.0,5.526713732634996,14.176256,0,1.0,6.465516072538273,12.177408,0,1.0,0.8965731434952537,10.334208,2,1.0,100.00359462970978,6.070272,0,1.0,0.011511916812334023,8.015872,0.03145411311440869,0.0,0.0,0.0,0.018072289156626505
125,2024-01-09 21:44:54,9.295454545454536,15.590909090909076,975.0,45.0,9.222222222222221,975.0,9.625,20.499999999999993,0,1.0,1.3258904928678352,9.834496,0,1.0,0.5885662299854946,9.576448,0,1.0,2.8570918052988303,10.420224,3,1.0,1.7767825383993487,600.506368,0,1.0,6.224532783298867,12.898304,0,1.0,8.24060126780896,12.82048,0,1.0,0.7887889224713597,9.928704,0,1.0,0.1606877228731493,0.811008,3,1.0,2.3686365896097445,17.85856,0.019139012286159225,0.0,0.0,0.0,0.010050251256281405
