,timestamp,latency_edgex-core-command_edgex-core-metadata,latency_edgex-core-metadata_edgex-device-mqtt,latency_edgex-ui_edgex-core-command,latency_edgex-ui_edgex-core-data,latency_edgex-device-mqtt_edgex-core-metadata,latency_edgex-ui_edgex-core-metadata,latency_edgex-ui_edgex-sys-mgmt-agent,latency_edgex-core-command_edgex-device-mqtt,edgex-redis,availability_edgex-redis,cpu_edgex-redis,memory_edgex-redis,edgex-core-data,availability_edgex-core-data,cpu_edgex-core-data,memory_edgex-core-data,edgex-sys-mgmt-agent,availability_edgex-sys-mgmt-agent,cpu_edgex-sys-mgmt-agent,memory_edgex-sys-mgmt-agent,edgex-core-command,availability_edgex-core-command,cpu_edgex-core-command,memory_edgex-core-command,edgex-core-metadata,availability_edgex-core-metadata,cpu_edgex-core-metadata,memory_edgex-core-metadata,edgex-ui,availability_edgex-ui,cpu_edgex-ui,memory_edgex-ui,edgex-device-mqtt,availability_edgex-device-mqtt,cpu_edgex-device-mqtt,memory_edgex-device-mqtt,edgex-exporter-fledge,availability_edgex-exporter-fledge,cpu_edgex-exporter-fledge,memory_edgex-exporter-fledge,edgex-mqtt-broker,availability_edgex-mqtt-broker,cpu_edgex-mqtt-broker,memory_edgex-mqtt-broker,error_edgex-core-metadata,error_edgex-device-mqtt,error_edgex-core-command,error_edgex-core-data,error_edgex-ui
0,2023-06-01 13:03:31,9.45,23.875,975.0,20.749999999999996,9.666666666666666,23.734374999999996,45.0,975.0,0,1.0,3.424340147806984,11.608064,0,1.0,4.543232576912823,11.18208,0,1.0,0.8703865336644977,13.553664,0,1.0,0.360892713427831,11.6736,0,1.0,10.343137113624804,14.893056,0,1.0,7.818783204798888,16.257024,0,1.0,1.073139788293867,11.169792,0,1.0,1.6677513558615156,14.15168,0,1.0,0.19827507943710773,0.83968,0.03000131953024723,0.0,0.0,0.0,0.020231213872832367
1,2023-06-01 13:04:31,9.375,4.8,975.0,11.750000000000016,,23.254310344827587,46.24999999999999,975.0,0,1.0,2.6676313422570397,10.89536,0,1.0,4.033302698638316,11.538432,0,1.0,1.2111930561068884,13.824,0,1.0,0.45263994258766305,11.255808,0,1.0,10.794098303911877,16.26112,0,1.0,8.097876149904092,15.618048,0,1.0,0.5157951193349337,11.812864,0,1.0,1.6468647380766879,13.643776,0,1.0,0.1950289761751369,0.802816,0.048952280823411645,0.0,0.0,0.0,0.01744186046511628
2,2023-06-01 13:05:31,9.535714285714285,9.625,975.0,22.56250000000002,9.5,22.993243243243242,42.499999999999986,975.0,0,1.0,2.4015879380864322,10.89536,0,1.0,3.9357656903766114,11.116544,0,1.0,1.507957884426996,14.2336,0,1.0,0.31729822834646465,11.22304,0,1.0,8.32507573383489,15.446016,0,1.0,7.815044548153821,16.150528,0,1.0,0.8951669658886716,11.710464,0,1.0,1.5043443065298443,13.799424,0,1.0,0.2494459452009668,0.8192,0.021276595744680854,0.0,0.0,0.0,0.014005602240896357
3,2023-06-01 13:06:31,9.642857142857142,23.875,975.0,22.074999999999996,9.666666666666666,22.98214285714285,24.25,975.0,0,1.0,2.520302986372867,10.862592,0,1.0,4.386104133363789,11.128832,0,1.0,1.894546370241746,13.615104,0,1.0,0.37050887136521415,11.370496,0,1.0,9.188341163236359,15.200256,0,1.0,7.452608728198089,16.142336,0,1.0,1.023211330994741,10.989568,0,1.0,1.5312783379577064,14.11072,0,1.0,0.24897363465151864,0.811008,0.042682926829268296,0.0,0.0,0.0,0.01955307262569832
4,2023-06-01 13:07:31,9.954545454545453,23.125,975.0,19.675000000000004,22.75,23.11057692307692,24.25,975.0,0,1.0,2.556861524531664,11.300864,0,1.0,4.407829319290491,11.272192,0,1.0,1.529135577797896,13.930496,0,1.0,0.5481933499903774,11.341824,0,1.0,10.024161751421307,15.634432,0,1.0,7.232275021025907,17.043456,0,1.0,1.0639023469451965,11.534336,0,1.0,1.6401987852015476,13.80352,0,1.0,0.18065653227588024,0.872448,0.012987012987012988,0.0,0.0,0.0,0.009009009009009009
5,2023-06-01 13:08:31,9.583333333333332,19.749999999999993,975.0,20.363636363636374,9.75,22.871621621621617,45.0,975.0,0,1.0,2.707518753606442,11.460608,0,1.0,4.4924695823741825,11.145216,0,1.0,1.55645495340058,13.959168,0,1.0,0.654072357868468,11.239424,0,1.0,9.52328539535868,15.519744,0,1.0,6.563848331760686,16.900096,0,1.0,1.0759426992997736,10.97728,0,1.0,1.5839664450776183,13.914112,0,1.0,0.321060275962246,0.79872,0.03164556962025317,0.0,0.0,0.0,0.015772870662460567
6,2023-06-01 13:09:32,9.666666666666666,23.875,975.0,19.749999999999975,9.75,23.012499999999996,24.25,975.0,0,1.0,2.4822709571634833,10.73152,0,1.0,4.035739644970126,11.350016,0,1.0,1.3122661290316089,13.553664,0,1.0,0.39926239799119484,11.403264,0,1.0,9.559437219473029,14.401536,0,1.0,7.050122133260839,16.601088,0,1.0,0.9397201356917567,11.329536,0,1.0,1.5155574043260327,14.00832,0,1.0,0.24030489592491694,0.806912,0.03157894736842105,0.0,0.0,0.0,0.02949852507374631
7,2023-06-01 13:10:32,9.954545454545453,22.0,975.0,9.918367346938776,23.5,23.09239130434782,47.5,975.0,0,1.0,2.837165124208433,10.6496,0,1.0,4.027927694170593,11.24352,0,1.0,1.316170613367843,14.200832,0,1.0,0.4378857580985526,11.309056,0,1.0,10.252820467265233,16.371712,0,1.0,7.093603965069631,16.293888,0,1.0,1.293848202396819,10.9568,0,1.0,1.4921426945835243,13.881344,0,1.0,0.2555878084179291,0.827392,0.017142857142857144,0.0,0.0,0.0,0.005730659025787966
8,2023-06-01 13:11:32,9.892857142857142,23.25,975.0,25.24999999999995,9.75,23.65625,24.25,975.0,0,1.0,2.582691717320465,10.89536,0,1.0,4.624190800681806,11.218944,0,1.0,1.3052045509550538,13.45536,0,1.0,0.5783293932230198,11.034624,0,1.0,8.95210688028103,16.2816,0,1.0,7.000972762646391,16.625664,0,1.0,1.245635935228345,10.77248,0,1.0,1.6597340647546797,13.758464,0,1.0,0.24017323516670594,0.802816,0.021390374331550804,0.0,0.0,0.0,0.010869565217391304
9,2023-06-01 13:12:32,9.75,22.375,975.0,19.85714285714286,9.5,22.629032258064512,24.25,975.0,0,1.0,2.692562441158591,11.063296,0,1.0,4.561214154972667,11.20256,0,1.0,1.8684210526310734,13.692928,0,1.0,0.3761592263189613,11.34592,0,1.0,9.285398727069056,15.323136,0,1.0,7.948560803272309,16.011264,0,1.0,1.1157513102161167,10.801152,0,1.0,1.5676124616810074,14.086144,0,1.0,0.22753375166383402,0.79872,0.042425476126430675,0.0,0.0,0.0,0.01910828025477707
10,2023-06-01 13:13:32,9.5625,,975.0,17.99999999999999,9.5,24.349056603773583,46.25,975.0,0,1.0,2.594561510353257,11.300864,0,1.0,4.394087136929483,11.38688,0,1.0,0.9752815746306719,14.221312,0,1.0,0.5137461547225686,11.218944,0,1.0,8.503061951103744,14.70464,0,1.0,7.08427299703243,16.326656,0,1.0,1.0880741560598044,11.1616,0,1.0,1.6809903742213699,14.372864,0,1.0,0.22165771047052354,0.794624,0.024038461538461536,0.0,0.0,0.0,0.01395348837209302
11,2023-06-01 13:14:32,9.681818181818182,9.25,975.0,20.799999999999997,,23.79999999999999,48.125,975.0,0,1.0,2.5839699040837765,10.829824,0,1.0,4.012127981078687,11.587584,0,1.0,1.82558279340086,14.077952,0,1.0,0.4742815852370659,11.558912,0,1.0,9.938727105019849,15.474688,0,1.0,7.739575427597188,16.613376,0,1.0,1.0386829268292685,11.42784,0,1.0,1.6290250755446323,13.84448,0,1.0,0.28377128053298833,0.8192,0.03571428571428572,0.0,0.0,0.0,0.017045454545454548
12,2023-06-01 13:15:32,9.59090909090909,22.0,975.0,18.58333333333334,4.8,22.45348837209302,24.25,975.0,0,1.0,2.40193301116469,10.846208,0,1.0,3.7913425047439406,11.636736,0,1.0,1.6733854094013005,14.21312,0,1.0,0.7140794034240203,11.169792,0,1.0,9.909225456339504,15.716352,0,1.0,6.216129930394799,17.645568,0,1.0,1.3740268236833426,11.10016,0,1.0,1.4967682061360752,14.258176,0,1.0,0.21620771596309402,0.83968,0.021165229156096744,0.0,0.0,0.0,0.012383900928792569
13,2023-06-01 13:16:32,9.555555555555555,23.5,975.0,29.166666666666654,9.75,23.216216216216218,24.25,975.0,0,1.0,2.975684340320715,10.928128,0,1.0,4.647809211017232,11.186176,0,1.0,2.019262596542627,13.815808,0,1.0,0.556206088992973,11.329536,0,1.0,10.169565217391236,15.81056,0,1.0,7.710536480686909,17.260544,0,1.0,1.4905613627564973,10.989568,0,1.0,1.592549019607758,13.877248,0,1.0,0.26809828835444455,0.794624,0.05063291139240506,0.0,0.0,0.0,0.023255813953488372
14,2023-06-01 13:17:33,9.649999999999999,24.0,975.0,21.999999999999996,9.75,23.593749999999996,24.25,975.0,0,1.0,2.7894001932026202,11.096064,0,1.0,4.1507107752470365,11.513856,0,1.0,1.3282872780674078,14.241792,0,1.0,0.3931752458068166,11.206656,0,1.0,8.699854208084945,14.454784,0,1.0,8.227652379079101,16.449536,0,1.0,1.168709528214616,11.124736,0,1.0,1.6517568802681335,13.799424,0,1.0,0.2980469695746558,0.79872,0.03164556962025316,0.0,0.0,0.0,0.009316770186335402
15,2023-06-01 13:18:33,9.375,23.125,975.0,26.999999999999957,9.649999999999999,23.221428571428575,47.5,975.0,0,1.0,2.3880636758321976,11.194368,0,1.0,3.6857581215394917,11.546624,0,1.0,1.4912980030712704,13.643776,0,1.0,0.452939299672951,11.69408,0,1.0,8.408229915088159,15.601664,0,1.0,6.867546784620616,16.433152,0,1.0,0.9989936180657549,10.8544,0,1.0,1.4493205783236232,13.975552,0,1.0,0.1849680170576082,0.8192,0.027173913043478264,0.0,0.0,0.0,0.014124293785310734
16,2023-06-01 13:19:33,9.692307692307693,23.5,975.0,19.187499999999996,9.625,23.16860465116279,45.0,975.0,0,1.0,2.7261970853574486,10.645504,0,1.0,4.080506203473434,11.22304,0,1.0,0.9176719323445808,13.852672,0,1.0,0.612261660310982,11.091968,0,1.0,9.861353955375261,15.433728,0,1.0,7.752220691117599,15.900672,0,1.0,1.2594460376303007,10.858496,0,1.0,1.7789545516581655,13.80352,0,1.0,0.21872831712443225,0.811008,0.03550295857988166,0.0,0.0,0.0,0.016611295681063124
17,2023-06-01 13:20:33,9.4375,4.8,975.0,18.916666666666664,,23.485294117647065,24.25,975.0,0,1.0,2.543571726728789,10.747904,0,1.0,3.8173847316708196,11.415552,0,1.0,1.7957590037030644,13.70112,0,1.0,0.5039346537824949,11.259904,0,1.0,9.229812956204679,15.880192,0,1.0,8.111865902073413,15.745024,0,1.0,0.9981715619529258,11.661312,0,1.0,1.305395710335608,14.012416,0,1.0,0.25989365998120323,0.79872,0.016393442622950817,0.0,0.0,0.0,0.005586592178770949
18,2023-06-01 13:21:33,9.600000000000001,9.583333333333332,975.0,12.999999999999947,4.8,23.108695652173914,42.499999999999986,975.0,0,1.0,2.7327928631895047,10.883072,0,1.0,4.606312310658209,11.153408,0,1.0,1.8532070707077064,13.815808,0,1.0,0.4341519416991215,11.108352,0,1.0,9.78807511737141,15.212544,0,1.0,7.78724042590747,16.617472,0,1.0,0.994495084897167,10.91584,0,1.0,1.5517653523836314,14.000128,0,1.0,0.17919527192406928,0.823296,0.02857142857142857,0.0,0.0,0.0,0.01457725947521866
19,2023-06-01 13:22:33,9.4375,22.75,975.0,10.374999999999927,9.75,23.842391304347828,24.25,975.0,0,1.0,2.6559247648901017,10.952704,0,1.0,4.21652425886017,11.186176,0,1.0,1.0983578989010454,13.615104,0,1.0,0.49352339634331904,11.198464,0,1.0,9.244836533471851,15.527936,0,1.0,7.290161961590703,16.429056,0,1.0,0.9883724938242924,11.071488,0,1.0,1.5455478915190508,13.869056,0,1.0,0.23522391269290335,0.802816,0.05555555555555556,0.0,0.0,0.0,0.03235294117647059
20,2023-06-01 13:23:33,9.5,23.75,975.0,28.75000000000001,9.75,23.706250000000004,24.25,975.0,0,1.0,2.551907898641079,11.567104,0,1.0,4.24950861518843,11.231232,0,1.0,1.154581826575753,13.697024,0,1.0,0.544638723041295,11.272192,0,1.0,9.770123147341364,15.069184,0,1.0,7.185382813090382,17.276928,0,1.0,1.0234402997231318,11.137024,0,1.0,1.2808451542505237,13.889536,0,1.0,0.2260866598430045,0.843776,0.04093567251461989,0.0,0.0,0.0,0.019718309859154924
21,2023-06-01 13:24:34,14.499999999999977,23.5,975.0,21.17499999999999,23.5,23.918269230769226,43.74999999999999,975.0,0,1.0,2.75808404202105,10.870784,0,1.0,4.148153893887776,11.317248,0,1.0,1.3392596715828753,13.651968,0,1.0,0.44888793227151597,11.415552,0,1.0,10.086846187255356,16.15872,0,1.0,7.896516818936596,16.592896,0,1.0,1.054497027715593,10.81344,0,1.0,1.5410628019323798,13.76256,0,1.0,0.22977535647022057,0.958464,0.013071895424836605,0.0,0.0,0.0,0.005665722379603399
22,2023-06-01 13:25:34,14.499999999999977,23.75,975.0,9.915,22.0,22.666666666666664,24.25,975.0,0,1.0,2.287197528745454,10.698752,0,1.0,3.7760705943421855,11.165696,0,1.0,1.491196083994573,13.778944,0,1.0,0.5421225879682323,11.1616,0,1.0,8.294459053343381,16.232448,0,1.0,6.340374572303229,16.52736,0,1.0,1.274810958224816,10.596352,0,1.0,1.5895097875187503,13.836288,0,1.0,0.2625897381756085,0.790528,0.03255813953488372,0.0,0.0,0.0,0.017811704834605594
23,2023-06-01 13:26:34,9.666666666666666,19.749999999999993,975.0,32.708333333333364,9.25,22.948529411764707,24.25,975.0,0,1.0,2.6594335649609424,10.883072,0,1.0,4.122622196664784,11.522048,0,1.0,1.551146857314381,13.524992,0,1.0,0.5153960396039886,11.264,0,1.0,9.094142343062376,15.478784,0,1.0,7.13754467240242,16.822272,0,1.0,0.962047501057565,10.87488,0,1.0,1.6722274538210884,13.893632,0,1.0,0.2454064952049246,0.991232,0.018867592135860756,0.0,0.0,0.0,0.00970873786407767
24,2023-06-01 13:27:34,9.555555555555555,22.0,975.0,17.75000000000004,9.75,22.829787234042556,46.25,975.0,0,1.0,2.54001610305962,10.989568,0,1.0,3.9005600968814376,11.03872,0,1.0,1.4984437720005166,14.118912,0,1.0,0.6880214285714155,11.554816,0,1.0,8.986541093657973,15.740928,0,1.0,7.099413989664867,16.15872,0,1.0,1.3364048436185165,11.157504,0,1.0,1.4252617181335043,14.1312,0,1.0,0.24762509773253796,0.806912,0.033707865168539325,0.0,0.0,0.0,0.01392757660167131
25,2023-06-01 13:28:34,9.166666666666666,9.0,975.0,20.49999999999997,4.8,22.6328125,24.25,975.0,0,1.0,2.5832644166293948,11.423744,0,1.0,4.16950516454504,11.583488,0,1.0,2.1346456293450373,13.877248,0,1.0,0.5957817969661598,11.513856,0,1.0,10.16810363134372,15.9744,0,1.0,7.513208453410196,16.838656,0,1.0,0.5932729502782356,11.231232,0,1.0,1.4475605506184446,13.709312,0,1.0,0.22730085757230725,0.794624,0.020133633399756153,0.0,0.0,0.0,0.009966777408637875
26,2023-06-01 13:29:34,9.59090909090909,21.249999999999993,975.0,15.374999999999954,9.75,23.212765957446805,24.25,975.0,0,1.0,2.5614905597881004,10.539008,0,1.0,4.154712354981441,11.354112,0,1.0,0.59619095143047,13.975552,0,1.0,0.5341133874956283,11.227136,0,1.0,10.919338902362188,16.338944,0,1.0,7.775052010120846,17.088512,0,1.0,1.1777257709250406,11.390976,0,1.0,1.8996544167229759,13.672448,0,1.0,0.24342912107731401,0.794624,0.006060606060606062,0.0,0.0,0.0,0.003105590062111801
27,2023-06-01 13:30:34,9.95,23.25,975.0,18.81249999999998,9.7,23.05,46.25,975.0,0,1.0,2.3562539283468746,10.612736,0,1.0,4.146956144159486,11.063296,0,1.0,1.3571887972877428,13.500416,0,1.0,0.3560095543019612,11.431936,0,1.0,9.529822630761348,16.093184,0,1.0,6.70871228588818,16.560128,0,1.0,1.1086006177239318,10.719232,0,1.0,1.5988716502115672,13.811712,0,1.0,0.2508065242858758,0.806912,0.0,0.0,0.0,0.0,0.003891050583657588
28,2023-06-01 13:31:35,9.59090909090909,22.0,975.0,31.785714285714278,9.75,23.548913043478258,24.25,975.0,0,1.0,2.6516289669142696,10.752,0,1.0,4.592601572257984,10.981376,0,1.0,2.0430833721463673,14.180352,0,1.0,0.34710466439133486,11.513856,0,1.0,9.806159338168653,16.420864,0,1.0,8.408308118365152,16.77312,0,1.0,0.9198367011278247,10.89536,0,1.0,1.3720886752136332,14.106624,0,1.0,0.1957901554404575,0.847872,0.026143790849673207,0.0,0.0,0.0,0.010075566750629723
29,2023-06-01 13:32:35,9.642857142857142,22.0,975.0,20.363636363636363,9.5,23.065789473684212,24.25,975.0,0,1.0,2.6418868419326667,11.087872,0,1.0,4.394092796792142,10.99776,0,1.0,1.1630905054468506,14.053376,0,1.0,0.43621730382296237,11.436032,0,1.0,9.404895392571508,16.666624,0,1.0,7.079881318367249,17.014784,0,1.0,0.8358727097396452,10.952704,0,1.0,1.4778225033542713,14.176256,0,1.0,0.18421596486689631,0.835584,0.022346368715083803,0.0,0.0,0.0,0.011111111111111112
30,2023-06-01 13:34:45,9.666666666666666,9.75,975.0,4781.249999999999,9.75,22.974999999999994,24.25,975.0,0,1.0,1.3622610015175736,11.440128,1,0.0,3.3481972469418704,22.581248,0,1.0,1.210491101298104,13.5168,0,1.0,0.24340155796549892,11.563008,0,1.0,6.656154129987931,15.372288,0,1.0,5.917383651705693,18.403328,0,1.0,0.7814935064935323,10.760192,0,1.0,0.3772889091739959,14.45888,0,1.0,0.1631294964029001,0.790528,0.02,0.0,0.0,,0.0380952380952381
31,2023-06-01 13:36:57,32.49999999999996,42.499999999999986,975.0,19.09375,21.249999999999993,37.5,48.75,975.0,0,1.0,2.698493395216046,11.235328,0,1.0,4.030397727272728,22.91712,0,1.0,0.9927263868584443,13.553664,2,1.0,100.22683416434629,16.523264,0,1.0,7.794331861351686,16.961536,0,1.0,5.957978052472371,16.293888,0,1.0,0.940151728013432,11.763712,0,1.0,1.2249496257916164,13.94688,0,1.0,0.18623065921203252,0.8192,0.023809863678538292,0.0,0.0,0.0,0.011461318051575933
32,2023-06-01 13:39:08,9.933333333333334,22.0,975.0,18.38636363636362,9.25,23.44444444444445,24.25,975.0,0,1.0,2.2247447447447195,10.346496,0,1.0,3.983770604395598,23.687168,0,1.0,1.1160338261657734,13.508608,0,1.0,0.4466056724611825,11.288576,0,1.0,7.6740467219296535,16.891904,3,1.0,14.767424108977742,489.971712,0,1.0,1.068563558881611,10.653696,0,1.0,1.5548805460750774,14.0288,0,1.0,0.20927699530519428,0.802816,0.03649635036496351,0.0,0.0,0.0,0.01791044776119403
33,2023-06-01 13:41:19,18.249999999999993,22.0,975.0,14.125000000000028,9.583333333333332,23.312500000000007,24.25,975.0,0,1.0,1.9945200155461258,10.317824,0,1.0,3.529317446307739,10.473472,0,1.0,1.5803693203581672,13.873152,0,1.0,0.5177026693029645,11.218944,4,0.5833333333333333,7.755349653547638,25.792512,0,1.0,7.080174266628426,14.831616,0,1.0,1.097723547623416,10.788864,0,1.0,1.375289217954536,13.90592,0,1.0,0.22768102658116454,0.802816,0.43068405384110925,0.0,0.0,0.0,0.00802139037433155
34,2023-06-01 13:43:30,9.6,487.5,2360.7142857142853,33.124999999999986,487.5,23.61842105263158,24.25,975.0,0,1.0,2.591368669449979,10.928128,0,1.0,4.020422701047914,10.252288,0,1.0,1.6339459394950047,13.938688,0,1.0,0.6869691358024649,11.272192,0,1.0,9.906395229282335,27.418624,0,1.0,7.731069558713396,14.082048,1,1.0,1.0379559407728212,11.751424,0,1.0,1.6965348472983044,14.094336,0,1.0,0.2197437053254645,0.79872,0.028409090909090908,0.0,0.0,0.0,0.014662756598240468
35,2023-06-01 13:45:41,94.99999999999999,4.8,975.0,356.25000000000097,95.0,224.24999999999997,47.5,975.0,2,1.0,99.71852879944485,16.310272,0,1.0,2.773044320658778,10.563584,0,1.0,0.7540155879357141,14.0288,0,1.0,0.5036417372138674,11.472896,0,1.0,8.743810777957863,11.563008,0,1.0,7.134140931580914,14.692352,0,1.0,0.7310940499040708,11.8784,0,1.0,1.3195997828279966,14.1312,0,1.0,0.13829184677301978,0.83968,0.03787764007151299,0.0,0.0,0.0,0.0176678445229682
36,2023-06-01 13:47:52,8.749999999999998,22.375,975.0,33.124999999999986,,22.95,40.0,975.0,0,1.0,2.728436115496159,10.805248,0,1.0,4.602598899659427,10.907648,0,1.0,1.4987960636522957,13.594624,0,1.0,0.4449037551277775,11.44832,0,1.0,9.333416059562913,10.99776,0,1.0,7.481922196796143,14.565376,0,1.0,1.0027123072902897,11.169792,0,1.0,1.4269266266728386,14.024704,3,1.0,0.29477227520788696,415.506432,0.02830188679245283,0.0,0.0,0.0,0.014245014245014245
37,2023-06-01 13:50:03,9.5,9.666666666666666,975.0,22.93749999999998,9.75,22.685714285714283,24.25,975.0,0,1.0,2.5905391448046493,10.825728,0,1.0,3.8720787341634484,10.891264,0,1.0,1.312540590690511,14.217216,0,1.0,0.29910286626619925,11.358208,0,1.0,8.56327989601388,11.726848,0,1.0,6.270736574746959,14.086144,0,1.0,0.9889294108112175,11.378688,4,0.5,1.8899534416949366,24.236032,0,1.0,0.1688151529604161,0.913408,0.04255319148936171,0.0,0.0,0.0,0.0196078431372549
38,2023-06-01 13:52:13,20.499999999999996,9.625,975.0,643.749999999998,9.75,24.72222222222222,46.25,975.0,0,1.0,1.7546383284563543,11.321344,2,1.0,100.0981097416449,16.30208,0,1.0,0.886690712353675,14.168064,0,1.0,0.39784272148982436,11.485184,0,1.0,9.293649355176017,11.931648,0,1.0,8.08428533824721,15.23712,0,1.0,0.9495976325216685,11.07968,0,1.0,1.595291990882653,23.994368,0,1.0,0.22747732030707438,0.954368,0.011235955056179778,0.0,0.0,0.0,0.005555555555555556
39,2023-06-01 13:54:24,9.692307692307693,4.8,975.0,16.916666666666636,9.75,22.810810810810807,45.0,975.0,0,1.0,2.5359343236903156,10.870784,0,1.0,4.272329985432855,10.682368,0,1.0,0.6609870221587264,13.836288,3,1.0,0.6436294656971003,483.975168,0,1.0,9.299147640791434,11.145216,0,1.0,7.680038199181567,13.799424,0,1.0,1.2162360573639222,10.9568,0,1.0,1.5691163930931575,10.113024,0,1.0,0.2274570897561439,0.933888,0.022388059701492536,0.0,0.0,0.0,0.009523809523809523
40,2023-06-01 13:56:34,9.545454545454545,23.125,975.0,24.785714285714292,9.5,23.361842105263154,45.625,975.0,0,1.0,2.3412784679091247,11.042816,0,1.0,3.817007947639137,10.604544,0,1.0,0.8752009609159275,14.06976,0,1.0,0.3402879303609906,11.542528,0,1.0,5.147177885727435,11.575296,4,0.5,7.387515158263228,24.6784,0,1.0,0.924294385432468,11.149312,0,1.0,1.3932719627230352,9.46176,0,1.0,0.2335601506242856,0.96256,0.013513513513513516,0.0,0.0,0.0,0.005917159763313609
41,2023-06-01 13:58:45,,975.0,,13.749999999999982,,8468.749999999998,,,0,1.0,1.8239746457867554,10.924032,0,1.0,4.294217730587168,11.927552,0,1.0,0.7061458519974072,13.860864,0,1.0,0.36087747380675655,11.825152,1,1.0,5.666491619996648,22.659072,0,1.0,6.0662841379310395,29.888512,0,1.0,0.5913676684760947,11.10016,0,1.0,1.2351417399804518,9.506816,0,1.0,0.22589990632940804,0.933888,0.06382978723404256,0.6666666666666666,,0.0,0.07812500000000001
42,2023-06-01 14:00:55,19.49999999999999,204.99999999999994,975.0,23.949999999999967,23.875,24.094827586206897,46.875,975.0,0,1.0,2.0801938383236074,10.776576,0,1.0,2.73209153389567,10.919936,0,1.0,1.81945521611741,13.959168,0,1.0,0.4154652071931519,12.222464,0,1.0,10.272439363509962,25.853952,0,1.0,7.67152095188825,14.753792,2,1.0,100.00624775368397,16.32256,0,1.0,1.5352225638283727,9.60512,0,1.0,0.15756376208851558,0.958464,0.03932584269662922,0.0,0.0,0.0,0.021621621621621626
43,2023-06-01 14:03:06,13.749999999999982,23.5,975.0,17.249999999999982,9.25,23.910714285714285,24.25,975.0,3,1.0,2.638298810048435,573.120512,0,1.0,3.979113319319763,11.010048,0,1.0,1.426093134405792,14.21312,0,1.0,0.4027352922510287,11.862016,0,1.0,10.11337745015916,12.36992,0,1.0,7.872804054054059,14.180352,0,1.0,0.8599096444706973,10.620928,0,1.0,1.4846527912857401,9.998336,0,1.0,0.21495640041850256,0.970752,0.034090909090909095,0.0,0.0,0.0,0.018518518518518517
44,2023-06-01 14:05:17,9.649999999999999,23.5,4875.0,24.499999999999964,9.75,23.015625,45.0,4875.0,0,1.0,2.0134610338491252,10.571776,0,1.0,3.336799819792869,11.010048,0,1.0,1.1830490138967478,13.45536,0,1.0,0.5496449989659778,11.85792,0,1.0,8.313992390448684,13.205504,0,1.0,6.636528401974512,14.413824,0,1.0,0.4660955752211698,11.07968,0,1.0,1.0101125165979432,9.703424,4,0.5,0.29973639805636854,2.187264,0.020725388601036267,0.6551724137931034,1.0,0.0,0.055718475073313775
45,2023-06-01 14:07:27,9.538461538461538,24.0,975.0,20.295454545454525,9.75,23.8125,46.25,975.0,0,1.0,3.2328076735493663,10.887168,0,1.0,4.2886048713313505,10.842112,0,1.0,1.544080904223222,13.729792,0,1.0,0.5266685180043408,12.029952,0,1.0,10.840004468524826,12.050432,0,1.0,8.087158640817183,14.266368,0,1.0,1.153793686583927,11.046912,1,1.0,1.7236611381024134,10.215424,0,1.0,0.2525349198137606,2.306048,0.012121212121212121,0.0,0.0,0.0,0.005899705014749262
46,2023-06-01 14:09:37,9.6875,24.0625,975.0,18.666666666666657,9.75,22.825,24.25,975.0,0,1.0,2.1632993890020034,10.563584,3,1.0,9.73039527151838,502.96832,0,1.0,1.1719492699562064,14.225408,0,1.0,0.4733972712222585,12.04224,0,1.0,7.294508064516133,11.661312,0,1.0,6.0358851341955475,13.856768,0,1.0,1.1901479588804766,10.981376,0,1.0,1.557408798283259,9.40032,0,1.0,0.23993863049095623,1.400832,0.02793296089385475,0.0,0.0,0.0,0.015527950310559004
47,2023-06-01 14:11:48,9.555555555555555,22.75,975.0,24.700000000000006,9.666666666666666,22.3984375,46.25,975.0,0,1.0,2.5653479171516875,10.706944,0,1.0,3.5933018655877937,11.083776,0,1.0,0.9349168311234499,13.881344,4,0.5,0.7265820356441639,19.673088,0,1.0,10.38900952211441,13.144064,0,1.0,7.650730311699956,14.159872,0,1.0,0.8792872581581271,10.739712,0,1.0,1.3861425339366422,9.740288,0,1.0,0.298306124953971,0.79872,0.02469135802469136,0.0,0.38888888888888884,0.0,0.011904761904761908
48,2023-06-01 14:13:59,9.5,23.875,,,9.75,,,975.0,0,1.0,2.318426238738451,12.541952,0,1.0,4.031474795167336,14.430208,0,1.0,0.278640270904595,13.590528,0,1.0,0.11976561310943096,20.918272,0,1.0,4.42032757051864,12.45184,1,0.08333333333333334,9.076156839378486,25.57952,0,1.0,0.8279234328222843,11.292672,0,1.0,0.8948053907271476,9.64608,0,1.0,0.17961038961039008,0.823296,0.015625000000000003,0.0,0.0,0.0,
49,2023-06-01 14:16:10,99.64285714285714,22.75,975.0,17.031250000000007,95.0,236.875,40.0,975.0,0,1.0,2.5239431442223386,10.911744,0,1.0,3.964995215311052,11.464704,0,1.0,0.6418317692037088,14.221312,0,1.0,0.30922519509476093,8.31488,2,1.0,99.69176026597191,19.12832,0,1.0,6.236309904153347,28.340224,0,1.0,0.9192615543506186,11.50976,0,1.0,1.0767034000806353,9.367552,0,1.0,0.19521484375000053,0.811008,0.017647183242578853,0.0,0.0,0.0,0.012658227848101267
50,2023-06-01 14:18:20,9.444444444444443,22.75,975.0,20.5,9.75,23.51875,24.25,975.0,0,1.0,2.8459807742270593,11.091968,0,1.0,4.367675919948435,10.928128,0,1.0,1.036791660836553,13.5168,0,1.0,0.4488700006588917,8.306688,0,1.0,8.716874075363302,12.345344,0,1.0,7.404027496967239,12.128256,3,1.0,7.022345890410915,498.876416,0,1.0,1.5362629510539638,9.33888,0,1.0,0.2273304650686345,0.802816,0.015228426395939083,0.0,0.0,0.0,0.00906344410876133
51,2023-06-01 14:20:31,9.25,23.125,975.0,13.125000000000002,9.5,22.64285714285714,24.25,975.0,4,0.4166666666666667,0.019664755823234892,13.59872,0,1.0,7.044859925453878,11.75552,0,1.0,1.3146929705712656,14.086144,0,1.0,0.26247218433708963,9.027584,0,1.0,8.22864168957028,14.053376,0,1.0,7.569797687861255,12.398592,0,1.0,1.180510668690507,11.759616,0,1.0,0.01872766621369346,9.334784,0,1.0,0.1864728461757176,0.802816,0.05925925925925926,0.0,0.0,0.0,0.025316455696202528
52,2023-06-01 14:22:41,9.571428571428571,19.749999999999993,4875.0,20.687499999999964,9.75,22.87209302325581,80.0,4875.0,0,1.0,2.155949047383738,19.18976,0,1.0,3.771008403361457,10.985472,0,1.0,0.7749756280464589,13.574144,0,1.0,0.7630354405266484,9.064448,0,1.0,7.781166576234368,15.040512,0,1.0,7.3523534798535,12.705792,0,1.0,1.2435542104703607,11.0592,0,1.0,0.018591008479541187,9.433088,1,1.0,0.44842313915267656,1.630208,0.025477707006369428,0.49999999999999994,1.0,0.0,0.027548209366391182
53,2023-06-01 14:24:52,21.999999999999996,19.0,975.0,22.674999999999983,23.499999999999996,23.52027027027026,47.08333333333333,975.0,0,1.0,2.1718846084282912,7.135232,0,1.0,3.3021064692403783,11.292672,0,1.0,0.7620120247265094,13.492224,0,1.0,0.3490008688097317,9.076736,0,1.0,6.872004602269772,14.278656,0,1.0,5.065890698371446,12.611584,0,1.0,1.2367232430916129,11.145216,2,1.0,99.86587539371587,14.37696,0,1.0,0.2565672251736821,1.814528,0.033783052754576534,0.0,0.0,0.0,0.017064846416382253
54,2023-06-01 14:27:03,9.5,22.0,975.0,22.999999999999996,24.25,23.46428571428571,24.25,975.0,0,1.0,2.0966671724068173,7.5776,4,0.5833333333333333,3.4886745746442434,20.144128,0,1.0,1.4623823214379832,13.651968,0,1.0,0.5715265430530888,8.769536,0,1.0,10.13512738853511,14.729216,0,1.0,6.571181612172218,14.053376,0,1.0,0.9771293974622431,11.608064,0,1.0,0.018105143330254713,8.998912,0,1.0,0.23049393051485967,1.789952,0.01015228426395939,0.0,0.0,0.5172413793103448,0.005249343832020997
55,2023-06-01 14:29:13,,22.75,4875.0,18.113636363636353,9.75,23.090909090909086,43.74999999999999,,0,1.0,2.205515267175563,7.471104,0,1.0,4.322241495615304,21.147648,0,1.0,0.868345791355676,13.950976,1,0.08333333333333334,1.2211768310772424,15.900672,0,1.0,8.792262142914334,14.405632,0,1.0,7.150580678314455,12.701696,0,1.0,0.9156184781995443,10.964992,0,1.0,0.025812407680922113,9.03168,0,1.0,0.24185552407932023,0.802816,0.046979865771812075,0.0,,0.0,0.022222222222222223
56,2023-06-01 14:31:24,23.0,22.75,975.0,24.278846153846153,9.666666666666666,41.71874999999998,45.0,975.0,0,1.0,2.434719621020166,7.92576,0,1.0,3.9876339477068217,10.182656,0,1.0,1.0414874201541926,14.016512,0,1.0,0.22892549569397158,17.178624,0,1.0,4.268145057435743,14.25408,2,1.0,99.74068955987006,19.673088,0,1.0,1.1066681225885242,11.32544,0,1.0,0.017612799571616305,8.99072,0,1.0,0.20678923087516393,0.815104,0.01829295030768406,0.0,0.0,0.0,0.006191950464396284
57,2023-06-01 14:33:35,16.749999999999982,23.5,975.0,20.87499999999998,4.8,23.14285714285714,45.625,975.0,0,1.0,2.477767616725089,9.203712,0,1.0,4.082447578698982,9.64608,0,1.0,1.1660316765200403,13.66016,0,1.0,0.646672885572139,17.26464,3,1.0,15.24574530673365,497.332224,0,1.0,7.474985170245557,13.385728,0,1.0,1.1003646973011516,11.268096,0,1.0,0.01603144197105022,8.994816,0,1.0,0.20867420221070362,0.827392,0.0308641975308642,0.0,0.0,0.0,0.015243902439024392
58,2023-06-01 14:35:45,15.249999999999982,46.25,975.0,23.500000000000004,9.75,23.5703125,47.5,975.0,0,1.0,2.3838412781106353,9.170944,0,1.0,3.93744343891402,10.514432,0,1.0,1.3208987124020557,13.615104,0,1.0,0.5390951131108609,8.323072,0,1.0,9.123407142081902,14.401536,0,1.0,7.6203590440594136,12.517376,4,0.5,1.4343554902475282,21.676032,0,1.0,0.024212627532176085,8.9088,0,1.0,0.27884283842493623,0.806912,0.02531645569620253,0.06060606060606061,0.0,0.0,0.012195121951219514
59,2023-06-01 14:37:56,2375.0,2425.0,4687.5,4249.999999999991,,4593.75,,975.0,1,1.0,2.1946960914413407,19.365888,0,1.0,2.671514508138716,11.440128,0,1.0,0.6852698993602067,13.832192,0,1.0,0.35434022257551806,8.380416,0,1.0,3.947154762971793,16.257024,0,1.0,4.055488707885919,13.930496,0,1.0,0.8010065309258537,22.945792,0,1.0,0.05524518932337511,8.9088,0,1.0,0.17245080500894347,0.794624,0.46666666666666656,0.0,0.4,0.7083333333333335,0.5000000000000001
60,2023-06-01 14:40:07,10.0,40.0,975.0,22.499999999999993,23.875,27.321428571428548,46.25,975.0,0,1.0,1.7009375158364144,19.226624,0,1.0,3.1565619769617066,10.575872,0,1.0,0.8425731497424911,13.508608,0,1.0,0.3779218338970307,8.851456,0,1.0,7.529175808720298,15.294464,0,1.0,6.986827458256077,12.668928,0,1.0,0.6968129426468576,10.866688,0,1.0,0.0513019427954539,8.916992,2,1.0,100.15777777777777,6.086656,0.01485148514851485,0.0,0.0,0.0,0.0076335877862595426
61,2023-06-01 14:42:17,19.749999999999993,23.875,975.0,17.31249999999997,9.75,23.271186440677965,43.74999999999999,975.0,0,1.0,2.4019767581166866,9.29792,0,1.0,4.177579817559885,10.973184,0,1.0,1.1286235955057395,13.778944,0,1.0,0.5925262383849199,8.753152,0,1.0,8.37247739980139,15.392768,0,1.0,7.466476136038837,12.578816,0,1.0,0.8722507708119203,10.350592,3,1.0,0.07184812384525788,518.893568,0,1.0,0.2359603960396478,0.811008,0.04395604395604396,0.0,0.0,0.0,0.02110817941952507
62,2023-06-01 14:44:28,20.499999999999993,24.0,975.0,6312.500000000005,9.625,22.944444444444443,46.25,975.0,0,1.0,1.735031234983178,10.665984,1,0.08333333333333334,3.4478359631954323,22.69184,0,1.0,1.6711358793654572,13.574144,0,1.0,0.36337327309631406,9.641984,0,1.0,6.443414906225901,15.03232,0,1.0,5.9037464857596635,14.49984,0,1.0,1.2416047684548392,9.986048,0,1.0,0.02445559161992679,9.142272,0,1.0,0.276385826771633,0.806912,0.054945054945054944,0.0,0.0,,0.042328042328042326
63,2023-06-01 14:46:38,24.1,46.25,975.0,23.916666666666643,24.25,24.985,46.25,975.0,0,1.0,2.577561075754466,12.16512,0,1.0,4.341729524262044,23.01952,0,1.0,1.6417216291561243,13.688832,2,1.0,100.15278273168933,15.31904,0,1.0,6.99019130434777,15.147008,0,1.0,5.903197942766822,13.430784,0,1.0,1.0455364560035798,11.259904,0,1.0,0.020793625995981623,9.142272,0,1.0,0.26162635899713926,0.802816,0.02512502174619153,0.0,0.0,0.0,0.01358695652173913
64,2023-06-01 14:48:49,15.249999999999982,9.5,975.0,9.72297297297297,9.5,23.166666666666664,24.25,975.0,0,1.0,4.344272219265569,19.0464,0,1.0,4.313712396265564,10.063872,0,1.0,1.2104897218853912,13.856768,0,1.0,0.39707652622525036,12.156928,0,1.0,7.906519081022226,16.338944,3,1.0,14.930985309924749,504.631296,0,1.0,0.8874763196968942,10.489856,0,1.0,0.03485850150769349,9.822208,0,1.0,0.2346649059095009,0.823296,0.02262443438914027,0.0,0.0,0.0,0.010638297872340425
65,2023-06-01 14:51:00,9.399999999999999,4.8,975.0,21.999999999999986,9.75,23.52586206896551,46.25,975.0,0,1.0,1.6353492173256945,11.075584,0,1.0,3.7601854263242807,10.760192,0,1.0,1.399507618949116,14.21312,0,1.0,0.35981813015064534,12.181504,4,0.5,0.0,21.127168,0,1.0,7.182020202020299,14.58176,0,1.0,0.7204507898737554,10.027008,0,1.0,0.01419080068143243,10.543104,0,1.0,0.15420384091935205,0.794624,0.4736842105263158,0.0,0.0,0.0,0.022813688212927754
66,2023-06-01 14:53:10,19.0,,24.25,22.937500000000014,975.0,22.88461538461538,24.25,,0,1.0,2.3552570929031393,11.358208,0,1.0,3.8462390335107135,11.10016,0,1.0,1.7743942954388339,13.504512,0,1.0,0.40439642324880665,12.468224,0,1.0,10.140753724802813,29.872128,0,1.0,7.076989373274077,13.889536,1,1.0,1.6039096314883952,18.898944,0,1.0,0.019418815837175946,10.723328,0,1.0,0.22253497942382783,0.815104,0.02597402597402598,,0.8,0.0,0.032362459546925564
67,2023-06-01 14:55:21,93.26923076923076,47.5,975.0,650.0,24.25,230.26315789473685,47.08333333333333,975.0,2,1.0,100.17097435119142,16.30208,0,1.0,2.276542287126992,10.735616,0,1.0,0.9568997607024133,13.746176,0,1.0,0.5693143959319918,12.361728,0,1.0,9.81749101078703,12.30848,0,1.0,8.403058030339512,13.869056,0,1.0,0.6334489886313301,22.85568,0,1.0,0.021344918775983452,10.81344,0,1.0,0.14994915254242264,0.79872,0.0440251572327044,0.0,0.0,0.0,0.024475524475524472
68,2023-06-01 14:57:32,9.535714285714285,24.0,975.0,13.249999999999968,9.75,22.749999999999996,24.25,975.0,0,1.0,2.412936095553021,10.743808,0,1.0,4.2558361909786475,10.825728,0,1.0,1.9106108336531493,14.114816,0,1.0,0.5206065557030759,12.455936,0,1.0,9.982048536759455,11.997184,0,1.0,7.991798317603692,12.828672,0,1.0,0.7728420334356869,22.802432,0,1.0,0.016039940514086738,10.752,3,1.0,0.2902116692256675,447.885312,0.014925373134328356,0.0,0.0,0.0,0.00819672131147541
69,2023-06-01 14:59:42,9.600000000000001,22.75,975.0,19.824999999999996,4.8,22.677419354838705,45.625,975.0,0,1.0,2.5408205245413997,10.579968,0,1.0,4.519217806041346,10.899456,0,1.0,0.8577519885254326,13.53728,0,1.0,0.5770698443312229,12.3904,0,1.0,9.022243424873428,12.04224,0,1.0,6.694204300275236,13.422592,0,1.0,1.1078603307954846,9.945088,4,0.5,1.8071214842850385,19.972096,0,1.0,0.279411943751176,0.94208,0.012195121951219514,0.0,0.0,0.0,0.006134969325153374
70,2023-06-01 15:01:56,22.5,9.0,975.0,549.9999999999991,22.75,23.83,47.916666666666664,975.0,0,1.0,1.8565395209080855,10.964992,2,1.0,100.11015604196625,16.777216,0,1.0,0.9931928790988018,14.245888,0,1.0,0.6813956705166342,13.012992,0,1.0,9.033879257178057,13.320192,0,1.0,8.768270381131618,14.217216,0,1.0,0.7963221205024508,10.006528,0,1.0,1.4945642444462512,21.008384,0,1.0,0.19584298355009178,0.94208,0.05333333333333334,0.0,0.0,0.0,0.021021021021021016
71,2023-06-01 15:04:07,9.5625,4.8,975.0,19.55,9.75,22.051724137931032,24.25,975.0,0,1.0,3.038414572610692,10.702848,0,1.0,4.099880922003896,10.919936,0,1.0,1.7578073695730871,13.897728,3,1.0,0.6256151457238552,454.967296,0,1.0,11.121303841676392,13.807616,0,1.0,8.092828427853744,14.610432,0,1.0,0.9854934060936748,9.744384,0,1.0,1.4546917353941997,10.543104,0,1.0,0.24686343532808402,0.917504,0.04375,0.0,0.0,0.0,0.02121212121212121
72,2023-06-01 15:06:17,13.0,22.75,975.0,25.99999999999998,9.75,23.62765957446808,24.25,975.0,0,1.0,1.4560319107536674,11.20256,0,1.0,1.7230863818013384,11.22304,0,1.0,1.5730869875508509,13.836288,0,1.0,0.13062787136295806,13.74208,0,1.0,0.043729844282661495,13.217792,4,0.5,5.6715494784805625,25.153536,0,1.0,0.9895500065027985,9.80992,0,1.0,0.8407968886419497,9.95328,0,1.0,0.19494845360821603,0.950272,0.025806451612903226,0.0,0.0,0.0,0.01910828025477707
73,2023-06-01 15:08:28,,,4.8,20.94999999999998,,9673.076923076922,24.25,,0,1.0,1.2577565201697385,11.440128,0,1.0,3.1792542286007106,11.32544,0,1.0,1.0347436496803588,13.606912,0,1.0,0.3460951977550423,13.283328,1,0.08333333333333334,4.448854008530137,24.010752,0,1.0,6.328201464547238,29.863936,0,1.0,0.5795439540906988,9.916416,0,1.0,1.4419695901721887,10.19904,0,1.0,0.1508273938643027,0.929792,,0.2,1.0,0.0,0.28682170542635665
74,2023-06-01 15:10:38,19.0,235.0,975.0,21.499999999999986,24.25,31.24999999999995,24.25,975.0,0,1.0,1.7532334494773216,10.661888,0,1.0,3.0862029318770348,11.333632,0,1.0,1.0636522301218925,13.84448,0,1.0,0.36097213313374216,13.758464,0,1.0,9.012643817367085,28.942336,0,1.0,6.892193858675554,14.344192,2,1.0,99.83231064237773,16.269312,0,1.0,1.608451781502963,9.814016,0,1.0,0.15595819251468912,0.913408,0.030487804878048783,0.0,0.0,0.0,0.012232415902140675
75,2023-06-01 15:12:49,9.625,22.0,975.0,19.449999999999932,,22.837209302325576,46.25,975.0,3,1.0,2.6174331820473897,535.81824,0,1.0,4.437805171377092,11.382784,0,1.0,1.2736170484279368,13.705216,0,1.0,0.5611339640751146,13.647872,0,1.0,8.589057932998582,28.033024,0,1.0,7.862548958170143,13.7216,0,1.0,0.9342460113226764,11.214848,0,1.0,1.5641768700208523,9.908224,0,1.0,0.20844404121577484,0.946176,0.04487179487179487,0.0,0.0,0.0,0.021806853582554516
76,2023-06-01 15:15:00,9.416666666666666,8.499999999999998,4875.0,9.862745098039216,9.75,22.780000000000005,24.25,4875.0,0,1.0,2.1551119914672885,10.436608,0,1.0,3.461889250814254,11.513856,0,1.0,1.0631756508972887,14.430208,0,1.0,0.3624487126122246,13.860864,0,1.0,9.241344661383888,11.665408,0,1.0,6.434370047543579,13.49632,0,1.0,0.5260892116182234,10.469376,0,1.0,1.0509360842748732,10.043392,4,0.5,0.23980795446433495,2.187264,0.05555555555555555,0.7894736842105263,0.8,0.0,0.056680161943319825
77,2023-06-01 15:17:10,9.600000000000001,22.0,4875.0,15.24999999999995,9.625,23.23,48.75,4875.0,0,1.0,2.4431197916666334,10.592256,0,1.0,4.0639410946914065,11.341824,0,1.0,1.453767871637002,13.565952,0,1.0,0.5817284609229415,13.47584,0,1.0,8.560180676576108,11.677696,0,1.0,7.659192136384559,13.737984,0,1.0,0.7650918196995395,10.633216,1,1.0,1.3709665168681477,10.223616,0,1.0,0.15883476599808957,2.301952,0.032051282051282055,0.5384615384615385,0.7777777777777778,0.0,0.033639143730886854
78,2023-06-01 15:19:21,14.499999999999977,23.5,4875.0,17.00000000000001,9.625,22.854166666666664,40.0,4875.0,0,1.0,2.260466327992687,9.187328,3,1.0,9.197846567967634,486.1952,0,1.0,1.7448054575929135,13.545472,0,1.0,0.46062199655457836,13.959168,0,1.0,8.728549939831527,12.24704,0,1.0,7.414852700491002,14.19264,0,1.0,0.6829364539393543,10.735616,0,1.0,1.138218327856886,10.637312,0,1.0,0.10675311720698244,1.355776,0.03105590062111801,0.7222222222222221,0.75,0.0,0.03647416413373859
79,2023-06-01 15:21:32,9.416666666666666,4.8,4875.0,9.970238095238095,9.75,22.683823529411764,41.249999999999986,4875.0,0,1.0,2.2678132217991176,9.09312,0,1.0,3.8692056324639554,11.1616,0,1.0,1.4701705612740452,14.147584,4,0.5833333333333333,1.106237240936273,22.167552,0,1.0,9.171137404580163,12.45184,0,1.0,7.3539930702273475,14.082048,0,1.0,0.6196532342573859,10.28096,0,1.0,1.2046689251616947,10.469376,0,1.0,0.156602098018538,0.847872,0.018633540372670808,0.7619047619047619,0.9375,0.0,0.036303630363036306
80,2023-06-01 15:23:42,9.666666666666666,23.5,,,9.75,,,4875.0,0,1.0,1.0635954715455267,9.723904,0,1.0,1.961767182742631,11.321344,0,1.0,1.002406542056633,14.331904,0,1.0,0.4135147845511731,22.77376,0,1.0,3.4310614430186335,12.447744,1,0.08333333333333334,7.945968276675519,25.153536,0,1.0,0.4778550900015306,10.645504,0,1.0,0.3768191268191411,10.391552,0,1.0,0.20486407932980005,0.831488,0.0,0.14285714285714288,0.0,0.0,
81,2023-06-01 15:25:53,99.16666666666666,238.75,4875.0,22.75,212.5,246.74528301886795,48.125,4875.0,0,1.0,2.1920590658470736,8.593408,0,1.0,3.0252506684492713,11.890688,0,1.0,1.3861193921338013,13.746176,0,1.0,0.38153552518162887,9.465856,2,1.0,99.94619292112728,19.267584,0,1.0,5.477746842994937,26.873856,0,1.0,0.9754156610351425,10.227712,0,1.0,0.7622596964586803,10.084352,0,1.0,0.1928700157693174,0.827392,0.03268127374106305,0.6000079926467649,0.8749999999999999,0.0,0.08438818565400844
82,2023-06-01 15:28:03,9.600000000000001,23.3125,4875.0,22.843750000000014,9.583333333333332,23.624999999999993,24.25,4875.0,0,1.0,2.2626013876672255,8.859648,0,1.0,3.7128297264188945,11.329536,0,1.0,0.8595433679630483,13.750272,0,1.0,0.3309369475545079,9.076736,0,1.0,10.050003497237148,12.546048,0,1.0,7.179550740257545,26.394624,3,1.0,6.947259327498865,501.211136,0,1.0,0.9478847151218925,10.428416,0,1.0,0.21753796962430053,0.786432,0.011626663194169927,0.642948919281615,0.888888888888889,0.0,0.03488372093023255
83,2023-06-01 15:30:14,17.499999999999993,24.0,4875.0,18.39999999999998,9.625,23.054054054054053,41.249999999999986,4875.0,4,0.5,1.7778538202427419,13.29152,0,1.0,3.8391485975730806,11.423744,0,1.0,1.3920938851141003,13.697024,0,1.0,0.6269498801360309,9.568256,0,1.0,7.689360709286043,14.024704,0,1.0,7.440510476190471,13.246464,0,1.0,0.9882091917591087,10.79296,0,1.0,0.016122906956666568,9.908224,0,1.0,0.16972125938763757,0.843776,0.017241379310344827,0.7096774193548387,0.9166666666666666,0.0,0.03582089552238807
84,2023-06-01 15:32:25,10.0,4.8,4875.0,23.687499999999993,9.75,23.041666666666664,24.25,4875.0,0,1.0,2.1362011494252875,14.503936,0,1.0,4.13253422536081,11.145216,0,1.0,1.6301635708337623,13.561856,0,1.0,0.5721927465658835,9.322496,0,1.0,5.896861465068043,14.99136,0,1.0,6.975183610359473,12.689408,0,1.0,0.7069537020357797,10.817536,0,1.0,0.020141061373064456,10.170368,1,1.0,0.33985624147108734,1.470464,0.046666666666666676,0.6666666666666666,1.0,0.0,0.05263157894736843
85,2023-06-01 15:34:35,24.749999999999993,23.75,4875.0,23.553571428571413,9.5,35.17857142857141,47.5,4875.0,0,1.0,2.1733504889346373,6.131712,0,1.0,3.4799772010997017,11.210752,0,1.0,0.9697729393460853,13.815808,0,1.0,0.4067699757869218,9.453568,0,1.0,5.810752335682587,15.52384,0,1.0,5.519342574257393,13.25056,0,1.0,0.7782315899947432,10.596352,2,1.0,100.03669713438734,15.171584,0,1.0,0.2453773308600995,1.646592,0.05194825422248297,0.6764674750373412,1.0,0.0,0.06137184115523466
86,2023-06-01 15:36:46,9.583333333333332,9.5,4875.0,21.025000000000013,4.8,22.931818181818183,45.625,4875.0,0,1.0,1.9240251243130106,5.804032,4,0.5,3.0595699136911794,20.430848,0,1.0,1.5615475332503197,13.778944,0,1.0,0.37686873950553174,9.416704,0,1.0,7.184731475187096,14.716928,0,1.0,6.624198502074469,14.020608,0,1.0,0.7483418565008559,10.317824,0,1.0,0.019973175965631456,9.498624,0,1.0,0.3394485165794063,1.634304,0.04477611940298507,0.7499999999999999,1.0,0.0,0.04807692307692307
87,2023-06-01 15:38:56,975.0,22.0,9583.333333333332,9.59285714285714,9.75,23.674107142857146,45.0,4875.0,0,1.0,2.787321258341269,7.798784,0,1.0,5.084442344045368,20.967424,0,1.0,1.4805670926520929,14.352384,1,1.0,1.3032132619291605,16.396288,0,1.0,8.038750093780445,15.351808,0,1.0,8.658736059479583,12.767232,0,1.0,0.4962194513715607,10.395648,0,1.0,0.01476879089457898,9.383936,0,1.0,0.18682781572955,0.794624,0.024242424242424242,0.52,1.0,0.0,0.023809523809523808
88,2023-06-01 15:41:07,22.0,23.25,4875.0,32.083333333333336,9.25,42.499999999999986,45.625,4875.0,0,1.0,2.1147508954737906,6.32832,0,1.0,3.5593778967967866,9.76896,0,1.0,0.8788523274480665,13.791232,0,1.0,0.2681322044272162,18.47296,0,1.0,5.0880330917720835,14.921728,2,1.0,100.2774469384639,19.124224,0,1.0,0.7999244855578685,10.416128,0,1.0,0.029557940462496934,9.40032,0,1.0,0.16653333333333228,0.811008,0.04838615951807539,0.26314237573715243,1.0,0.0,0.04
89,2023-06-01 15:43:17,9.666666666666666,9.75,4875.0,21.849999999999987,,24.02358490566037,41.249999999999986,4875.0,0,1.0,2.4764303825377723,6.647808,0,1.0,3.8358206234429133,9.306112,0,1.0,1.5710732984302473,13.88544,0,1.0,0.3687943925233642,18.219008,3,1.0,8.494495929547954,465.813504,0,1.0,7.5383006293964785,13.856768,0,1.0,0.7496689245757203,10.952704,0,1.0,0.015060435132951107,9.433088,0,1.0,0.269783127529314,0.851968,0.011049723756906079,0.9444444444444445,1.0,0.0,0.02259887005649717
90,2023-06-01 15:45:28,9.833333333333332,9.0,975.0,16.12500000000003,9.75,23.089285714285715,24.25,975.0,0,1.0,2.6101915184678384,6.733824,0,1.0,3.844401244167957,9.785344,0,1.0,1.183081412750469,13.860864,0,1.0,0.4104996296929285,9.007104,0,1.0,9.04694123859095,15.306752,0,1.0,6.696108251442848,13.594624,4,0.5833333333333333,1.5883639169574142,19.775488,0,1.0,0.03915737298639044,9.437184,0,1.0,0.18411669367909117,0.83968,0.02409638554216868,0.6923076923076923,0.0,0.0,0.01129943502824859
91,2023-06-01 15:47:39,2392.8571428571427,2425.0,4750.0,2317.857142857142,2425.0,2449.264705882353,,975.0,1,1.0,0.9332846251588308,14.471168,0,1.0,4.415867556814346,11.046912,0,1.0,0.7512044909527229,13.53728,0,1.0,0.30674263113287675,8.904704,0,1.0,6.271505537264243,17.600512,0,1.0,5.973255191607742,14.729216,0,1.0,0.8497814321398836,22.499328,0,1.0,0.10231188337507416,9.342976,0,1.0,0.1772616312464098,0.794624,0.32407407407407407,0.0,0.4285714285714286,0.7903225806451614,0.46842105263157896
92,2023-06-01 15:49:49,17.499999999999993,4.8,975.0,22.95833333333334,9.625,23.91911764705882,40.0,975.0,0,1.0,1.7913622146802408,15.552512,0,1.0,2.6232142857142926,10.5472,0,1.0,1.4980302475923284,14.319616,0,1.0,0.5274513845942428,9.166848,0,1.0,8.35020604763196,16.089088,0,1.0,7.2451564380263695,13.217792,0,1.0,0.8982421245027421,10.264576,0,1.0,0.013907420013617843,9.342976,2,1.0,100.28790080555991,6.238208,0.017751479289940825,0.0,0.0,0.0,0.009584664536741214
93,2023-06-01 15:52:00,19.0,22.75,975.0,21.785714285714278,4.8,23.52499999999999,46.25,975.0,0,1.0,2.393431776002586,8.51968,0,1.0,3.9731840524303492,10.715136,0,1.0,1.2209927172452897,13.80352,0,1.0,0.6560731169240475,8.953856,0,1.0,8.272313467855504,15.335424,0,1.0,7.083457012218061,13.090816,0,1.0,0.9326726457399104,10.79296,3,1.0,0.07743441322011449,437.32992,0,1.0,0.22356343145251775,0.811008,0.022857142857142857,0.0,0.0,0.0,0.013071895424836603
94,2023-06-01 15:54:10,19.0,23.875,975.0,975.0,9.75,22.880434782608695,24.25,975.0,0,1.0,1.7363457859228666,10.747904,1,0.49999999999999994,3.5695042977246376,21.389312,0,1.0,0.8937371428575196,13.959168,0,1.0,0.1967388468562524,8.749056,0,1.0,6.761019320811501,15.417344,0,1.0,7.17792494481238,14.143488,0,1.0,0.7558116398607222,10.89536,0,1.0,0.026137615210705255,9.46176,0,1.0,0.2649419037261983,0.79872,0.05479452054794521,0.0,0.0,0.13999999999999999,0.15555555555555556
95,2023-06-01 15:56:22,41.249999999999986,23.5,975.0,21.795454545454525,,39.27083333333333,24.25,975.0,0,1.0,2.388283862163091,12.070912,0,1.0,4.100772760202846,22.216704,0,1.0,1.4205753036752131,13.68064,2,1.0,99.7948351296553,13.90592,0,1.0,6.565535358415192,15.794176,0,1.0,6.080421237979242,12.644352,0,1.0,1.170734937099981,10.641408,0,1.0,0.01788586537395376,9.46176,0,1.0,0.2698025816249121,0.827392,0.012820512820512822,0.0,0.0,0.0,0.02572347266881029
96,2023-06-01 15:58:32,9.5,9.5,975.0,14.687499999999996,9.625,23.815789473684205,40.0,975.0,0,1.0,2.520126624458513,13.729792,0,1.0,4.031039058443424,22.9376,0,1.0,0.7814397443438986,13.553664,0,1.0,0.5900895310699736,8.646656,0,1.0,8.879401957032961,15.58528,3,1.0,7.242770780856489,526.077952,0,1.0,1.1473030037447203,9.981952,0,1.0,0.035378091028525155,9.478144,0,1.0,0.24134700926267444,0.79872,0.039735099337748346,0.0,0.0,0.0,0.02013422818791946
97,2023-06-01 16:00:43,9.222222222222221,23.875,975.0,24.999999999999986,9.7,22.250000000000004,46.25,975.0,0,1.0,2.541780604133531,10.579968,0,1.0,3.7688618468146204,10.706944,0,1.0,1.4650292566641236,13.848576,0,1.0,0.6495605591361541,8.732672,4,0.5833333333333333,6.110115215018594,25.219072,0,1.0,6.9695185562682935,14.004224,0,1.0,1.236125107533499,10.838016,0,1.0,0.014044701680908964,9.486336,0,1.0,0.16852714027493454,0.835584,0.46598639455782315,0.0,0.0,0.0,0.0033444816053511705
98,2023-06-01 16:02:54,11.5,,33.74999999999997,20.49999999999994,,22.765957446808507,24.25,,0,1.0,2.3204972577696514,10.940416,0,1.0,3.7359990860276664,10.784768,0,1.0,1.6375464966213806,13.467648,0,1.0,0.644600938967133,8.712192,0,1.0,9.375048102824596,27.680768,0,1.0,6.916391325039162,13.451264,1,0.16666666666666669,1.730675444203703,18.665472,0,1.0,0.0207552258934736,9.519104,0,1.0,0.20343750000000327,0.815104,0.016666666666666666,,0.8,0.0,0.0403022670025189
99,2023-06-01 16:05:05,74.99999999999997,23.5,975.0,468.74999999999955,23.875,189.42307692307685,47.916666666666664,975.0,2,1.0,100.1256762952774,16.510976,0,1.0,2.668385793279457,10.907648,0,1.0,0.7905845949831722,14.016512,0,1.0,0.561113741831581,9.035776,0,1.0,9.715779832519198,11.20256,0,1.0,7.730347706960554,13.955072,0,1.0,0.8703817856432683,20.779008,0,1.0,0.013989158556162751,9.519104,0,1.0,0.2594946641556794,0.815104,0.018404907975460124,0.0,0.0,0.0,0.00892857142857143
100,2023-06-01 16:07:15,9.375,22.75,975.0,22.224999999999994,9.75,22.823170731707314,48.125,975.0,0,1.0,2.7474309877134298,10.817536,0,1.0,4.633593429158126,11.218944,0,1.0,1.3671071953010638,14.303232,0,1.0,0.4085850790150694,9.1136,0,1.0,10.105057581573927,11.034624,0,1.0,6.938983350002917,13.78304,0,1.0,1.0552895273565668,21.48352,0,1.0,0.020165000793240517,9.560064,3,1.0,0.3303932435998552,471.87968,0.04519774011299436,0.0,0.0,0.0,0.020771513353115723
101,2023-06-01 16:09:26,9.61111111111111,23.125,975.0,17.159090909090907,9.75,22.789473684210524,24.25,975.0,0,1.0,2.562028447742752,10.584064,0,1.0,3.91142524045467,11.075584,0,1.0,1.3292469262287583,14.15168,0,1.0,0.3243471864656025,8.900608,0,1.0,9.342834619984792,11.300864,0,1.0,7.7090832844082176,12.619776,0,1.0,1.0535605124536667,9.949184,4,0.5,1.445061014629436,18.927616,0,1.0,0.2791991679667267,1.069056,0.011834319526627219,0.0,0.0,0.0,0.0060975609756097554
102,2023-06-01 16:11:37,21.499999999999993,23.0,975.0,562.5000000000011,9.583333333333332,23.499999999999993,43.74999999999999,975.0,0,1.0,1.7908023118513188,10.87488,2,1.0,99.94677500539295,16.777216,0,1.0,2.061684275946417,14.04928,0,1.0,0.4574119980168839,9.043968,0,1.0,9.784291785464513,11.862016,0,1.0,8.447463727364905,13.9264,0,1.0,0.8048104956268242,10.039296,0,1.0,1.84432512659333,19.386368,0,1.0,0.21537146114388256,1.118208,0.013986013986013986,0.0,0.0,0.0,0.006734006734006735
103,2023-06-01 16:13:47,17.499999999999993,23.5,975.0,15.625000000000007,9.5,23.574999999999996,24.25,975.0,0,1.0,3.986459840810399,13.594624,0,1.0,5.044062250598521,11.272192,0,1.0,1.288795911209664,14.024704,3,1.0,6.766630560369748,503.365632,0,1.0,10.362382445141021,11.587584,0,1.0,7.172358111330597,13.160448,0,1.0,1.2569089937191016,10.641408,0,1.0,1.4031769918903103,9.900032,0,1.0,0.23026994237185677,0.913408,0.04145077720207255,0.0,0.0,0.0,0.022408963585434177
104,2023-06-01 16:15:58,9.5625,24.25,975.0,22.750000000000004,,24.85,24.25,975.0,0,1.0,1.571415917143631,11.10016,0,1.0,2.0104437547185827,11.382784,0,1.0,0.5127390518906544,13.934592,0,1.0,0.046265486725631536,8.957952,0,1.0,5.790504266873579,12.156928,4,0.5,0.013572309890252614,16.36352,0,1.0,0.46313673851271625,9.834496,0,1.0,0.4572703412073504,9.650176,0,1.0,0.25887140828149063,0.937984,0.01204819277108434,0.0,0.0,0.0,0.3917748917748918
105,2023-06-01 16:18:09,,,8.0,23.499999999999996,,8333.333333333332,24.25,,0,1.0,1.1172050225246595,11.61216,0,1.0,1.725812476652929,11.358208,0,1.0,0.9241631746351427,14.016512,0,1.0,0.17563414634142585,9.248768,1,0.08333333333333334,7.578494919050266,26.181632,0,1.0,4.12491139988187,27.947008,0,1.0,0.4263891391842359,9.945088,0,1.0,0.949686098654705,9.412608,0,1.0,0.1895332011361743,0.937984,,0.0,0.7499999999999999,0.0,0.08450704225352114
106,2023-06-01 16:20:19,21.625,204.99999999999994,975.0,34.58333333333336,24.25,25.535714285714242,24.25,975.0,0,1.0,1.8129144095340703,10.633216,0,1.0,2.738546162308712,11.784192,0,1.0,1.1085629921259428,13.697024,0,1.0,0.2702001125131462,8.863744,0,1.0,8.186732186732186,26.660864,0,1.0,6.759311740890678,12.664832,2,1.0,100.52710159362555,16.924672,0,1.0,1.338088426527968,9.445376,0,1.0,0.13827119488494105,0.929792,0.01648351648351648,0.0,0.0,0.0,0.005194805194805195
107,2023-06-01 16:22:30,9.61111111111111,24.25,975.0,12.625000000000007,9.75,23.19642857142857,24.25,975.0,3,1.0,2.7643793797266683,530.751488,0,1.0,4.230371308946699,11.657216,0,1.0,1.72812047656133,14.004224,0,1.0,0.4649435748088179,8.97024,0,1.0,9.36258254378409,11.579392,0,1.0,7.425619018215499,13.123584,0,1.0,0.799841506619433,11.145216,0,1.0,1.6109367653972653,9.240576,0,1.0,0.25497419217980244,0.925696,0.03571428571428571,0.0,0.0,0.0,0.01098901098901099
108,2023-06-01 16:24:41,9.541666666666664,23.5,4875.0,13.749999999999982,9.75,23.078125,24.25,4875.0,0,1.0,2.3327580502867122,10.571776,0,1.0,3.3508291357744078,11.268096,0,1.0,1.48480644807613,13.492224,0,1.0,0.6576248570339586,9.412608,0,1.0,8.86619728276254,12.038144,0,1.0,6.678655013002034,12.82048,0,1.0,0.6929760454729798,10.489856,0,1.0,1.1743553645524578,9.09312,4,0.5,0.23309015538706834,2.183168,0.027972027972027972,0.7948717948717949,1.0,0.0,0.06405693950177936
109,2023-06-01 16:26:51,15.99999999999998,23.5,975.0,23.583333333333314,19.749999999999993,23.336363636363632,47.5,975.0,0,1.0,2.5569829657130674,10.739712,0,1.0,4.40687816815237,11.239424,0,1.0,1.1460055314107256,14.876672,0,1.0,0.3386544065922754,9.37984,0,1.0,8.244230051703008,11.9808,0,1.0,7.388780413393306,12.394496,0,1.0,1.2589114276866624,10.805248,1,1.0,1.6782340147890458,9.433088,0,1.0,0.30161308081920296,2.306048,0.03468208092485549,0.0,0.0,0.0,0.019417475728155338
110,2023-06-01 16:29:02,9.642857142857142,22.0,975.0,12.249999999999961,9.75,23.411764705882348,24.25,975.0,0,1.0,2.9551836912678544,11.554816,3,1.0,12.112272498381445,503.832576,0,1.0,1.279029550033357,13.733888,0,1.0,0.495537990821046,9.588736,0,1.0,8.586004792037821,11.685888,0,1.0,7.509464233999423,12.509184,0,1.0,1.2248290200798646,10.080256,0,1.0,1.7763979600966164,9.46176,0,1.0,0.2810202177293938,0.794624,0.023121387283236993,0.0,0.0,0.0,0.010526315789473684
111,2023-06-01 16:31:13,9.937499999999998,22.75,975.0,29.166666666666654,9.75,24.333333333333332,47.5,975.0,0,1.0,2.7962663694622445,10.846208,0,1.0,4.324915419893192,11.554816,0,1.0,1.5825832766825458,13.778944,4,0.5,0.7228181983139755,16.699392,0,1.0,8.451211974306094,13.000704,0,1.0,7.609844591287311,12.935168,0,1.0,0.8017835909631588,10.674176,0,1.0,1.7992632705749108,9.3184,0,1.0,0.23997425168973344,0.794624,0.01694915254237288,0.0,0.35714285714285715,0.0,0.008108108108108109
112,2023-06-01 16:33:23,,24.25,,,24.25,,,,0,1.0,1.1925634688834237,11.251712,0,1.0,1.629594143610794,11.431936,0,1.0,1.2864645602044442,13.668352,0,1.0,0.20626809062780677,17.424384,0,1.0,3.098455968480466,12.374016,1,0.08333333333333334,3.9282960394999478,23.728128,0,1.0,0.840979222382254,10.162176,0,1.0,0.7537024379129776,9.576448,0,1.0,0.16812560231288265,0.794624,0.025641025641025637,0.0,0.0,0.0,
113,2023-06-01 16:35:34,217.49999999999991,212.49999999999994,975.0,23.078125,97.5,235.57692307692307,47.75,975.0,0,1.0,2.178285996194249,10.870784,0,1.0,4.17744036027254,11.649024,0,1.0,1.4559434107323652,13.889536,0,1.0,0.44141074183143986,8.577024,2,1.0,99.96099514919882,18.726912,0,1.0,6.467144823205594,25.911296,0,1.0,1.0685020345879828,10.571776,0,1.0,1.0104074979625102,9.691136,0,1.0,0.246717452709066,0.782336,0.022472137222424974,0.0,0.0,0.0,0.011764705882352941
114,2023-06-01 16:37:45,9.461538461538462,22.75,975.0,22.750000000000007,9.75,23.01020408163265,24.25,975.0,0,1.0,2.512899353647181,10.981376,0,1.0,4.264099574123005,11.902976,0,1.0,1.4538241642843093,13.86496,0,1.0,0.5598830789217285,8.47872,0,1.0,9.362775532696539,14.241792,0,1.0,7.620147370546075,11.50976,3,1.0,6.517773817239113,503.226368,0,1.0,1.361466859252122,9.158656,0,1.0,0.19533699584617417,0.8192,0.012121212121212125,0.0,0.0,0.0,0.0029411764705882353
115,2023-06-01 16:39:56,9.90909090909091,22.375,975.0,17.42499999999999,9.75,22.916666666666657,47.5,975.0,4,0.5,1.7957216100431785,20.348928,0,1.0,4.218422062613056,12.013568,0,1.0,1.8886137719125955,14.077952,0,1.0,0.14439735828288178,8.318976,0,1.0,8.272342989105804,14.692352,0,1.0,7.664617008276388,12.845056,0,1.0,1.1580975897794077,11.272192,0,1.0,0.024298108530467016,9.248768,0,1.0,0.20627523553162982,0.843776,0.0392156862745098,0.0,0.0,0.0,0.01840490797546012
116,2023-06-01 16:42:06,19.0,22.75,4875.0,16.562499999999982,9.75,23.937500000000007,46.875,4875.0,0,1.0,2.292429269996509,21.434368,0,1.0,3.8948931116389307,11.411456,0,1.0,1.094230416437081,13.39392,0,1.0,0.5215645235136371,8.957952,0,1.0,9.522953047496204,15.62624,0,1.0,7.65940209654458,12.812288,0,1.0,0.8553834196891654,10.592256,0,1.0,0.014124247845166249,9.580544,1,1.0,0.29700049909145404,1.486848,0.03821656050955414,0.4347826086956521,0.8333333333333334,0.0,0.04069767441860465
117,2023-06-01 16:44:17,18.249999999999993,43.74999999999999,975.0,13.843749999999964,23.5,39.53124999999998,47.5,975.0,0,1.0,2.2301306137054953,7.491584,0,1.0,3.618831464080041,11.83744,0,1.0,1.6510679864543825,14.27456,0,1.0,0.4788137432188044,8.421376,0,1.0,7.419086094513809,15.265792,0,1.0,6.448671544089364,12.607488,0,1.0,1.2802893975269647,11.149312,2,1.0,99.85203423861358,14.35648,0,1.0,0.25803714949098056,1.671168,0.02451047633551701,0.0,0.0,0.0,0.014450867052023123
118,2023-06-01 16:46:28,9.624999999999998,22.0,975.0,15.906249999999964,9.625,23.26063829787234,46.875,975.0,0,1.0,1.5602534936626526,7.036928,4,0.6666666666666667,3.745038970512927,21.110784,0,1.0,1.1441770401101239,14.098432,0,1.0,0.42669385019270567,8.278016,0,1.0,8.215919708029071,14.303232,0,1.0,6.974351471498517,14.467072,0,1.0,1.4207951545270805,10.436608,0,1.0,0.017607995706967874,8.617984,0,1.0,0.2966750993856158,0.811008,0.031413612565445025,0.0,0.0,0.5309734513274336,0.015267175572519082
119,2023-06-01 16:48:38,975.0,4.8,2425.0,19.599999999999955,,22.575581395348834,43.74999999999999,975.0,0,1.0,2.2887076720544104,7.766016,0,1.0,3.8888803155006904,21.131264,0,1.0,1.2997632244518391,13.541376,1,1.0,0.5226088921529876,9.048064,0,1.0,8.37197660098526,15.077376,0,1.0,7.037708798268665,13.303808,0,1.0,1.1340013982754171,10.661888,0,1.0,0.014117252556883345,8.613888,0,1.0,0.23088160353320866,0.823296,0.030303030303030304,0.0,0.0,0.0,0.013812154696132598
120,2023-06-01 16:50:50,23.3125,9.0,975.0,35.13888888888886,4.8,43.54166666666666,48.75,975.0,0,1.0,2.2713403748884207,8.249344,0,1.0,4.078017631103083,10.551296,0,1.0,1.1077424945203742,13.623296,0,1.0,0.46963109948588644,8.736768,0,1.0,4.8162602365786045,15.675392,2,1.0,100.06257049299616,19.21024,0,1.0,0.9741834774254589,10.907648,0,1.0,0.017811347268662486,8.617984,0,1.0,0.24241607118781175,0.8192,0.020407384886206505,0.0,0.0,0.0,0.00949367088607595
121,2023-06-01 16:53:00,9.699999999999998,20.499999999999993,975.0,17.28571428571427,9.25,23.3125,47.5,975.0,0,1.0,2.985334229089686,9.138176,0,1.0,4.538009578320284,9.822208,0,1.0,1.535858201862894,14.082048,0,1.0,0.4628568615869296,9.44128,3,1.0,9.748984648532192,504.512512,0,1.0,7.696035805626564,14.00832,0,1.0,1.1112292641429953,11.333632,0,1.0,0.0747478789818881,9.805824,0,1.0,0.29271972840437527,0.794624,0.02824858757062147,0.0,0.0,0.0,0.012539184952978058
122,2023-06-01 16:55:11,9.937499999999998,20.5,944.9999999999998,20.35,9.75,22.169354838709673,24.25,975.0,0,1.0,2.3195514383227778,9.535488,0,1.0,4.272835436932251,9.568256,0,1.0,1.3670342162104725,14.061568,0,1.0,0.5176408287548807,9.416704,0,1.0,7.6767760487144825,16.928768,0,1.0,6.69021404588699,14.56128,4,0.3333333333333333,1.4661200819027917,19.484672,0,1.0,0.018218826958835733,9.85088,0,1.0,0.061781720015428,0.847872,0.02173913043478261,0.09411764705882353,0.0,0.0,0.011049723756906077
123,2023-06-01 16:57:21,1749.999999999999,975.0,2425.0,7583.333333333331,975.0,3843.750000000001,24.25,975.0,1,1.0,1.457803377814853,11.542528,0,1.0,2.261613995485326,11.255808,0,1.0,0.3703703703698436,13.520896,0,1.0,0.3288634235028377,9.150464,0,1.0,3.8285538612889303,17.793024,0,1.0,4.045527691313908,15.532032,0,1.0,0.7512098148358513,21.536768,0,1.0,0.019420035149367725,9.854976,0,1.0,0.2112183874918941,0.847872,0.029411764705882356,0.0,0.0,0.025,0.07407407407407407
124,2023-06-01 16:59:33,9.636363636363637,9.25,975.0,23.724999999999987,9.666666666666666,24.525510204081627,47.1875,975.0,0,1.0,1.7460255697609808,10.11712,0,1.0,2.7666372604057945,10.633216,0,1.0,2.018325463131227,13.692928,0,1.0,0.5622180756125336,9.273344,0,1.0,8.25300993057361,17.330176,0,1.0,8.124658245371291,14.35648,0,1.0,0.6636258234519116,11.259904,0,1.0,0.01957049086754621,9.854976,2,1.0,99.88320351982877,6.393856,0.046357615894039736,0.0,0.0,0.0,0.019444444444444445
125,2023-06-01 17:01:43,13.0,21.999999999999993,975.0,17.74999999999995,4.8,23.38970588235293,47.08333333333333,975.0,0,1.0,2.6691081481481485,10.461184,0,1.0,4.884291087660632,10.338304,0,1.0,1.802423794266144,13.484032,0,1.0,0.42864054643771704,10.387456,0,1.0,8.323562460983737,18.272256,0,1.0,6.996114463958677,15.21664,0,1.0,1.1831131046187426,9.781248,3,1.0,0.08835172534591085,520.937472,0,1.0,0.2512192424661472,0.815104,0.03447800303406427,0.0,0.0,0.0,0.016172506738544472
